name,city,age,n_siblings
Paula_Miguel_Garcia_Gonzalez,Iquique,35,0
Maria_Pedro_Jimenez_Lopez,Rancagua,49,-1
Carolina_Juan_Jimenez_Gonzalez,Iquique,16,1
Lucia_Marta_Jimenez_Sanz,Santiago,42,2
Marta_Roberto_Garcia_Sanz,Valparaiso,12,3
Roberto_Paula_Lopez_Gomez,Arica,38,-2
Pedro_Valentina_Garcia_Hernandez,Santiago,40,0
Sofia_Marta_Garcia_Garcia,Santiago,10,1
Carolina_Eduardo_Perez_Gonzalez,Santiago,40,0
Pedro_Julia_Gonzalez_Gonzalez,Santiago,55,0
Roberto_Eduardo_Perez_Gomez,Santiago,80,1
Eduardo_Valentina_Perez_Ruiz,Santiago,25,0
Juan_Alejandro_Perez_Gomez,Curico,53,1
Roberto_Luis_Jimenez_Garcia,Curico,40,2
Miguel_Paula_Gonzalez_Sanz,Santiago,33,0
Luis_Carlos_Perez_Lopez,Santiago,10,2
Lorena_Maria_Perez_Perez,Santiago,9,1
Diego_Valentina_Gonzalez_Gonzalez,Rancagua,29,1
Miguel_Sofia_Jimenez_Sanz,Santiago,43,-1
Roberto_Lorena_Perez_Gomez,Valparaiso,38,0
Valentina_Alejandro_Martinez_Martinez,Arica,13,2
Roberto_Miguel_Lopez_Garcia,Rancagua,13,-1
Diego_Ana_Hernandez_Gonzalez,Coquimbo,22,0
Carolina_Marta_Gonzalez_Gomez,Santiago,53,0
Eduardo_Maria_Lopez_Jimenez,Calama,37,1
Valentina_Juan_Hernandez_Jimenez,Valparaiso,39,0
Diego_Ana_Gonzalez_Martinez,Santiago,42,2
Paula_Carlos_Zapata_Gonzalez,Iquique,17,2
Camila_Ana_Perez_Jimenez,Santiago,30,2
Lucia_Marta_Gonzalez_Martinez,Rancagua,17,0
Ana_Paula_Jimenez_Jimenez,Arica,33,-2
Carolina_Sofia_Gonzalez_Ruiz,Santiago,25,1
Diego_Eduardo_Jimenez_Gomez,Santiago,37,1
Diego_Carlos_Gomez_Sanz,Curico,31,2
Eduardo_Eduardo_Jimenez_Martinez,Rancagua,16,-1
Roberto_Lorena_Lopez_Garcia,Santiago,51,1
Camila_Javier_Gonzalez_Perez,Santiago,35,-3
Ana_Miguel_Gonzalez_Jimenez,Santiago,25,0
Javier_Luis_Gonzalez_Jimenez,Iquique,28,1
Carlos_Juan_Sanz_Martinez,Santiago,39,2
Valentina_Juan_Garcia_Gomez,Calama,50,1
Carolina_Camila_Jimenez_Zapata,Santiago,19,0
Camila_Carolina_Lopez_Gonzalez,Linares,40,4
Maria_Valentina_Lopez_Zapata,Arica,27,2
Camila_Diego_Zapata_Garcia,Santiago,0,4
Maria_Juan_Martinez_Martinez,Linares,38,0
Roberto_Valentina_Hernandez_Gonzalez,Rancagua,27,3
Lucia_Alejandro_Martinez_Gonzalez,Santiago,46,1
Alejandro_Lorena_Jimenez_Jimenez,Arica,15,-1
Pedro_Javier_Garcia_Perez,Santiago,22,0
Paula_Pedro_Lopez_Jimenez,Talca,33,1
Roberto_Roberto_Gonzalez_Perez,Santiago,35,0
Carolina_Juan_Sanz_Gonzalez,Valparaiso,68,1
Juan_Eduardo_Sanz_Zapata,Talca,28,1
Eduardo_Eduardo_Garcia_Gonzalez,Santiago,48,3
Ana_Javier_Jimenez_Garcia,Coquimbo,54,-1
Carolina_Alejandro_Perez_Zapata,Curico,13,1
Juan_Carolina_Gomez_Jimenez,Rancagua,24,0
Carolina_Marta_Gonzalez_Martinez,Rancagua,37,0
Carlos_Ana_Garcia_Gomez,Santiago,40,-2
Ana_Carolina_Garcia_Lopez,Santiago,34,-1
Javier_Lorena_Lopez_Gonzalez,Santiago,65,0
Maria_Juan_Lopez_Garcia,Santiago,68,1
Ana_Camila_Jimenez_Sanz,Santiago,36,4
Eduardo_Roberto_Sanz_Jimenez,Arica,38,3
Valentina_Alejandro_Martinez_Martinez,Calama,23,3
Javier_Roberto_Garcia_Lopez,Santiago,41,0
Juan_Luis_Garcia_Lopez,Santiago,12,2
Valentina_Eduardo_Lopez_Garcia,Talca,48,-3
Eduardo_Alejandro_Jimenez_Lopez,Santiago,61,-1
Carlos_Carlos_Gomez_Ruiz,Santiago,31,1
Diego_Luis_Hernandez_Gonzalez,Curico,25,0
Marta_Pedro_Zapata_Gomez,Santiago,56,1
Roberto_Alejandro_Martinez_Sanz,Santiago,42,0
Juan_Alejandro_Gomez_Hernandez,Iquique,31,0
Juan_Marta_Gonzalez_Garcia,Santiago,74,1
Eduardo_Pedro_Hernandez_Jimenez,Curico,43,3
Lorena_Ana_Jimenez_Zapata,Santiago,49,3
Ana_Pedro_Hernandez_Jimenez,Iquique,22,0
Marta_Lorena_Hernandez_Jimenez,Curico,15,3
Miguel_Camila_Gonzalez_Perez,Iquique,27,-1
Juan_Carolina_Gonzalez_Hernandez,Valparaiso,23,3
Lucia_Maria_Perez_Lopez,Santiago,36,0
Paula_Eduardo_Hernandez_Jimenez,Santiago,9,-2
Eduardo_Lorena_Jimenez_Jimenez,Santiago,46,4
Miguel_Eduardo_Zapata_Gomez,Santiago,45,0
Maria_Valentina_Gonzalez_Ruiz,Iquique,72,-1
Carlos_Juan_Martinez_Garcia,Santiago,35,0
Paula_Luis_Hernandez_Hernandez,Rancagua,35,0
Pedro_Lucia_Ruiz_Lopez,Curico,26,-1
Javier_Carlos_Gonzalez_Gonzalez,Talca,27,0
Ana_Miguel_Gomez_Sanz,Santiago,45,0
Marta_Pedro_Hernandez_Zapata,Santiago,32,0
Carolina_Diego_Gomez_Gomez,Curico,27,-1
Diego_Javier_Jimenez_Zapata,Iquique,33,3
Valentina_Maria_Garcia_Lopez,Santiago,14,0
Miguel_Javier_Gonzalez_Lopez,Talca,38,1
Alejandro_Lucia_Jimenez_Gomez,Santiago,13,3
Lorena_Lucia_Jimenez_Gonzalez,Arica,26,1
Carolina_Carlos_Gonzalez_Lopez,Linares,27,1
Pedro_Pedro_Ruiz_Jimenez,Santiago,35,0
Ana_Roberto_Hernandez_Hernandez,Rancagua,58,-1
Diego_Javier_Jimenez_Perez,Rancagua,30,0
Diego_Eduardo_Sanz_Gonzalez,Valparaiso,36,-1
Ana_Pedro_Garcia_Gomez,Iquique,26,0
Juan_Maria_Gonzalez_Hernandez,Iquique,19,0
Marta_Eduardo_Perez_Sanz,Valparaiso,68,-3
Miguel_Maria_Jimenez_Gonzalez,Santiago,43,1
Camila_Lorena_Lopez_Gonzalez,Rancagua,14,1
Javier_Diego_Gomez_Ruiz,Curico,42,2
Javier_Ana_Hernandez_Martinez,Calama,51,0
Paula_Luis_Gomez_Lopez,Santiago,50,0
Julia_Carolina_Gonzalez_Gonzalez,Santiago,29,0
Javier_Diego_Jimenez_Martinez,Arica,34,0
Alejandro_Sofia_Gonzalez_Lopez,Rancagua,44,1
Javier_Paula_Perez_Gonzalez,Iquique,29,3
Pedro_Juan_Gonzalez_Perez,Valparaiso,15,1
Ana_Ana_Jimenez_Jimenez,Santiago,42,0
Carolina_Ana_Jimenez_Garcia,Santiago,7,-1
Camila_Pedro_Hernandez_Jimenez,Santiago,21,-2
Alejandro_Paula_Jimenez_Sanz,Santiago,60,-2
Miguel_Lorena_Jimenez_Lopez,Santiago,50,1
Juan_Julia_Lopez_Perez,Iquique,52,4
Carlos_Miguel_Garcia_Sanz,Arica,17,1
Carolina_Carolina_Jimenez_Gonzalez,Santiago,51,0
Sofia_Camila_Gonzalez_Gonzalez,Santiago,34,-1
Alejandro_Alejandro_Garcia_Lopez,Talca,36,0
Sofia_Pedro_Gonzalez_Garcia,Talca,30,0
Lucia_Juan_Jimenez_Lopez,Santiago,26,-1
Luis_Paula_Ruiz_Ruiz,Iquique,29,-1
Julia_Diego_Gomez_Lopez,Arica,53,4
Sofia_Carlos_Gomez_Garcia,Santiago,54,0
Roberto_Diego_Hernandez_Jimenez,Iquique,71,0
Alejandro_Maria_Gonzalez_Gonzalez,Santiago,60,1
Ana_Maria_Garcia_Zapata,Santiago,26,3
Luis_Diego_Hernandez_Hernandez,Valparaiso,41,0
Diego_Camila_Hernandez_Perez,Arica,35,0
Juan_Roberto_Jimenez_Martinez,Talca,48,2
Maria_Javier_Gonzalez_Hernandez,Santiago,39,1
Pedro_Eduardo_Jimenez_Lopez,Santiago,25,1
Luis_Carolina_Sanz_Zapata,Santiago,13,4
Sofia_Lorena_Jimenez_Gonzalez,Santiago,21,2
Javier_Javier_Gonzalez_Jimenez,Iquique,25,-1
Marta_Camila_Gonzalez_Jimenez,Iquique,31,0
Ana_Carlos_Lopez_Jimenez,Santiago,62,-2
Juan_Ana_Ruiz_Perez,Curico,43,0
Eduardo_Julia_Gonzalez_Zapata,Linares,28,1
Pedro_Juan_Gonzalez_Gonzalez,Santiago,12,0
Carolina_Sofia_Gonzalez_Martinez,Talca,21,3
Ana_Ana_Jimenez_Ruiz,Valparaiso,45,1
Lucia_Valentina_Gonzalez_Gomez,Valparaiso,26,0
Alejandro_Maria_Zapata_Gonzalez,Santiago,52,0
Juan_Marta_Jimenez_Ruiz,Arica,44,0
Camila_Pedro_Jimenez_Sanz,Santiago,53,2
Alejandro_Camila_Perez_Gonzalez,Santiago,52,0
Carolina_Diego_Gomez_Sanz,Santiago,33,1
Sofia_Juan_Garcia_Jimenez,Santiago,56,0
Julia_Paula_Martinez_Gonzalez,Curico,64,1
Javier_Sofia_Zapata_Sanz,Copiapo,58,-1
Miguel_Marta_Ruiz_Gomez,Santiago,39,0
Ana_Carolina_Zapata_Jimenez,Santiago,53,3
Carlos_Luis_Jimenez_Gonzalez,Santiago,20,0
Camila_Luis_Gonzalez_Martinez,Santiago,28,3
Carolina_Maria_Perez_Ruiz,Talca,10,-2
Juan_Lorena_Martinez_Garcia,Arica,50,0
Ana_Marta_Hernandez_Perez,Valparaiso,20,-1
Eduardo_Lucia_Zapata_Zapata,Valparaiso,36,2
Eduardo_Carolina_Perez_Jimenez,Santiago,34,0
Carlos_Marta_Sanz_Garcia,Santiago,33,2
Juan_Marta_Sanz_Jimenez,Santiago,45,0
Javier_Carolina_Lopez_Perez,Rancagua,38,0
Sofia_Paula_Martinez_Martinez,Iquique,47,5
Julia_Paula_Garcia_Ruiz,Santiago,33,3
Diego_Miguel_Sanz_Jimenez,Santiago,29,-2
Eduardo_Diego_Jimenez_Garcia,Talca,32,2
Lorena_Diego_Zapata_Gonzalez,Santiago,45,0
Paula_Ana_Ruiz_Lopez,Curico,43,0
Miguel_Ana_Lopez_Lopez,Arica,37,2
Lorena_Miguel_Gomez_Perez,Linares,24,2
Carlos_Juan_Lopez_Hernandez,Iquique,31,0
Javier_Camila_Zapata_Gonzalez,Santiago,47,3
Javier_Carolina_Gomez_Jimenez,Curico,22,3
Pedro_Luis_Gonzalez_Martinez,Iquique,50,3
Sofia_Maria_Zapata_Gonzalez,Rancagua,57,-1
Carlos_Alejandro_Martinez_Jimenez,Santiago,41,2
Miguel_Carlos_Jimenez_Jimenez,Arica,29,0
Eduardo_Miguel_Gomez_Jimenez,Santiago,23,2
Ana_Carlos_Gonzalez_Jimenez,Talca,21,1
Lucia_Valentina_Zapata_Gomez,Santiago,55,-1
Paula_Maria_Lopez_Garcia,Santiago,54,1
Carolina_Javier_Lopez_Sanz,Linares,32,-1
Juan_Pedro_Gonzalez_Gonzalez,Rancagua,6,-2
Marta_Juan_Gonzalez_Gomez,Santiago,40,-1
Paula_Juan_Garcia_Hernandez,Rancagua,20,3
Roberto_Ana_Gonzalez_Gonzalez,Talca,38,3
Roberto_Roberto_Ruiz_Jimenez,Santiago,9,4
Carolina_Miguel_Perez_Jimenez,Talca,48,0
Eduardo_Lorena_Martinez_Zapata,Valparaiso,54,0
Camila_Pedro_Zapata_Lopez,Arica,18,0
Roberto_Camila_Garcia_Jimenez,Valparaiso,27,0
Pedro_Lorena_Sanz_Garcia,Santiago,46,0
Sofia_Diego_Hernandez_Ruiz,Santiago,22,1
Javier_Ana_Gonzalez_Gonzalez,Santiago,30,-1
Julia_Roberto_Perez_Zapata,Arica,42,0
Sofia_Lucia_Martinez_Ruiz,Iquique,36,0
Pedro_Paula_Jimenez_Ruiz,Valparaiso,26,-1
Alejandro_Sofia_Gomez_Garcia,Valparaiso,55,4
Roberto_Sofia_Hernandez_Zapata,Arica,37,-3
Pedro_Paula_Jimenez_Hernandez,Valparaiso,33,1
Marta_Marta_Hernandez_Garcia,Santiago,25,5
Juan_Sofia_Perez_Zapata,Santiago,39,-1
Julia_Luis_Garcia_Ruiz,Santiago,24,4
Ana_Paula_Sanz_Jimenez,Linares,30,1
Alejandro_Sofia_Gonzalez_Sanz,Linares,45,0
Ana_Valentina_Garcia_Martinez,Copiapo,40,0
Javier_Luis_Hernandez_Hernandez,Santiago,61,-3
Alejandro_Carolina_Garcia_Ruiz,Rancagua,45,-1
Javier_Valentina_Gomez_Garcia,Iquique,45,0
Diego_Pedro_Perez_Jimenez,Talca,54,-1
Alejandro_Lorena_Hernandez_Jimenez,Curico,29,2
Marta_Ana_Martinez_Gomez,Copiapo,40,1
Miguel_Marta_Martinez_Jimenez,Copiapo,-4,1
Valentina_Javier_Ruiz_Martinez,Iquique,34,1
Eduardo_Ana_Gonzalez_Ruiz,Santiago,26,3
Carlos_Lorena_Zapata_Hernandez,Rancagua,21,2
Sofia_Maria_Jimenez_Lopez,Valparaiso,34,2
Alejandro_Carolina_Jimenez_Perez,Curico,16,0
Valentina_Juan_Gomez_Garcia,Coquimbo,31,0
Ana_Javier_Zapata_Zapata,Santiago,38,-2
Javier_Marta_Perez_Ruiz,Curico,59,0
Javier_Marta_Gonzalez_Hernandez,Curico,21,0
Luis_Paula_Gonzalez_Martinez,Santiago,44,3
Camila_Paula_Gonzalez_Gonzalez,Santiago,36,2
Sofia_Lorena_Garcia_Garcia,Iquique,20,-1
Juan_Juan_Perez_Lopez,Santiago,65,2
Pedro_Luis_Lopez_Gonzalez,Santiago,16,3
Diego_Marta_Ruiz_Martinez,Arica,31,0
Alejandro_Lucia_Hernandez_Lopez,Santiago,13,3
Sofia_Camila_Perez_Ruiz,Curico,46,0
Camila_Miguel_Hernandez_Sanz,Santiago,32,0
Roberto_Julia_Perez_Sanz,Curico,29,1
Pedro_Maria_Garcia_Gomez,Santiago,24,1
Lorena_Ana_Sanz_Ruiz,Santiago,66,0
Maria_Sofia_Zapata_Sanz,Talca,23,0
Lorena_Paula_Martinez_Ruiz,Santiago,30,6
Lucia_Pedro_Lopez_Gomez,Curico,33,3
Miguel_Ana_Perez_Gonzalez,Curico,34,-3
Roberto_Carolina_Perez_Gonzalez,Arica,58,0
Maria_Julia_Zapata_Lopez,Santiago,17,0
Ana_Valentina_Gomez_Zapata,Santiago,35,3
Maria_Ana_Jimenez_Ruiz,Curico,26,5
Marta_Maria_Jimenez_Garcia,Santiago,27,0
Lorena_Luis_Martinez_Hernandez,Santiago,48,-1
Miguel_Miguel_Martinez_Perez,Santiago,56,2
Javier_Julia_Ruiz_Jimenez,Santiago,44,0
Luis_Juan_Sanz_Garcia,Santiago,28,1
Eduardo_Carolina_Gomez_Garcia,Iquique,60,0
Alejandro_Carlos_Gonzalez_Jimenez,Calama,12,0
Juan_Luis_Perez_Lopez,Arica,22,3
Ana_Julia_Ruiz_Perez,Curico,42,0
Paula_Marta_Gomez_Gonzalez,Santiago,7,2
Juan_Sofia_Gonzalez_Jimenez,Rancagua,29,-2
Sofia_Carlos_Hernandez_Ruiz,Talca,41,1
Valentina_Maria_Gonzalez_Zapata,Santiago,21,0
Carlos_Pedro_Gonzalez_Lopez,Santiago,80,0
Carolina_Camila_Ruiz_Zapata,Santiago,26,-3
Javier_Valentina_Gonzalez_Jimenez,Talca,28,3
Marta_Lucia_Martinez_Martinez,Rancagua,31,-1
Lucia_Carolina_Martinez_Jimenez,Santiago,30,0
Maria_Camila_Ruiz_Martinez,Copiapo,27,-2
Ana_Valentina_Martinez_Martinez,Santiago,33,-2
Camila_Luis_Jimenez_Garcia,Santiago,39,-1
Camila_Lorena_Zapata_Zapata,Santiago,9,1
Pedro_Luis_Ruiz_Perez,Valparaiso,40,0
Juan_Juan_Lopez_Lopez,Santiago,42,0
Maria_Marta_Hernandez_Perez,Talca,44,2
Lorena_Luis_Sanz_Gonzalez,Curico,31,1
Marta_Miguel_Hernandez_Zapata,Iquique,39,3
Carlos_Valentina_Lopez_Jimenez,Valparaiso,12,2
Lucia_Eduardo_Ruiz_Ruiz,Arica,57,0
Juan_Pedro_Jimenez_Perez,Santiago,42,6
Pedro_Eduardo_Lopez_Gomez,Rancagua,47,1
Pedro_Luis_Jimenez_Garcia,Talca,48,0
Roberto_Roberto_Gonzalez_Gomez,Santiago,51,0
Roberto_Juan_Lopez_Sanz,Linares,25,3
Miguel_Lucia_Gomez_Ruiz,Talca,45,3
Javier_Paula_Sanz_Martinez,Santiago,38,5
Javier_Valentina_Gonzalez_Lopez,Valparaiso,16,3
Marta_Pedro_Gonzalez_Gonzalez,Santiago,32,3
Valentina_Lucia_Gonzalez_Gonzalez,Rancagua,18,2
Diego_Miguel_Hernandez_Gonzalez,Santiago,21,3
Lucia_Sofia_Lopez_Gonzalez,Coquimbo,20,2
Javier_Paula_Hernandez_Zapata,Santiago,19,1
Alejandro_Lorena_Hernandez_Perez,Curico,37,1
Sofia_Ana_Zapata_Jimenez,Rancagua,22,1
Paula_Paula_Ruiz_Jimenez,Santiago,31,1
Juan_Eduardo_Jimenez_Lopez,Santiago,53,-3
Camila_Carlos_Jimenez_Jimenez,Valparaiso,36,0
Diego_Lucia_Sanz_Zapata,Santiago,52,0
Sofia_Carlos_Lopez_Hernandez,Coquimbo,55,-1
Ana_Valentina_Perez_Lopez,Talca,13,0
Carolina_Alejandro_Gomez_Sanz,Santiago,41,-1
Pedro_Javier_Martinez_Gonzalez,Arica,39,1
Diego_Ana_Gonzalez_Martinez,Santiago,20,0
Carlos_Julia_Lopez_Gonzalez,Calama,20,0
Carolina_Carolina_Perez_Gonzalez,Arica,10,1
Roberto_Lorena_Zapata_Ruiz,Rancagua,21,0
Miguel_Diego_Lopez_Jimenez,Santiago,55,-1
Diego_Eduardo_Jimenez_Jimenez,Curico,19,4
Carlos_Sofia_Hernandez_Gonzalez,Santiago,24,-2
Carolina_Lucia_Jimenez_Jimenez,Santiago,30,3
Carlos_Julia_Zapata_Martinez,Iquique,43,3
Miguel_Diego_Hernandez_Gonzalez,Linares,14,1
Diego_Roberto_Jimenez_Jimenez,Santiago,24,1
Julia_Ana_Gonzalez_Gonzalez,Santiago,13,-1
Juan_Sofia_Gonzalez_Jimenez,Santiago,23,0
Javier_Juan_Gonzalez_Jimenez,Iquique,28,0
Diego_Roberto_Jimenez_Perez,Coquimbo,54,-2
Roberto_Marta_Jimenez_Zapata,Santiago,37,0
Roberto_Paula_Garcia_Lopez,Arica,47,-2
Alejandro_Javier_Hernandez_Sanz,Santiago,49,-1
Javier_Carolina_Martinez_Ruiz,Rancagua,51,-1
Camila_Paula_Ruiz_Ruiz,Santiago,43,-1
Alejandro_Eduardo_Gonzalez_Sanz,Santiago,25,0
Lorena_Juan_Hernandez_Gonzalez,Santiago,25,0
Julia_Pedro_Lopez_Garcia,Curico,41,2
Lucia_Camila_Jimenez_Gomez,Talca,34,6
Lucia_Ana_Garcia_Gonzalez,Curico,36,0
Miguel_Pedro_Perez_Sanz,Talca,51,3
Diego_Carlos_Martinez_Jimenez,Santiago,44,1
Javier_Alejandro_Ruiz_Garcia,Rancagua,18,2
Marta_Javier_Lopez_Gomez,Santiago,40,-2
Juan_Carlos_Jimenez_Jimenez,Rancagua,25,3
Luis_Lucia_Lopez_Hernandez,Iquique,19,0
Sofia_Luis_Hernandez_Ruiz,Talca,37,0
Lucia_Juan_Hernandez_Sanz,Arica,31,0
Maria_Sofia_Perez_Garcia,Santiago,19,0
Maria_Eduardo_Gonzalez_Hernandez,Curico,37,0
Pedro_Pedro_Gonzalez_Perez,Rancagua,41,-1
Roberto_Luis_Ruiz_Zapata,Santiago,48,-1
Lucia_Ana_Jimenez_Zapata,Santiago,33,2
Valentina_Maria_Zapata_Jimenez,Talca,16,-1
Luis_Julia_Hernandez_Perez,Curico,34,2
Diego_Lucia_Sanz_Hernandez,Santiago,29,3
Juan_Lucia_Lopez_Martinez,Santiago,45,3
Diego_Alejandro_Sanz_Jimenez,Talca,30,0
Ana_Juan_Lopez_Jimenez,Arica,40,2
Marta_Maria_Gomez_Sanz,Curico,6,0
Alejandro_Eduardo_Perez_Lopez,Santiago,24,-1
Diego_Sofia_Gomez_Gonzalez,Iquique,7,1
Luis_Paula_Perez_Sanz,Arica,68,1
Valentina_Eduardo_Jimenez_Gonzalez,Iquique,30,-3
Paula_Javier_Hernandez_Zapata,Iquique,21,-4
Maria_Juan_Gonzalez_Sanz,Santiago,42,0
Lucia_Ana_Jimenez_Martinez,Santiago,49,0
Luis_Carolina_Hernandez_Zapata,Curico,38,3
Carlos_Roberto_Ruiz_Perez,Curico,58,2
Lorena_Carlos_Ruiz_Jimenez,Linares,38,0
Juan_Paula_Gonzalez_Gomez,Calama,32,2
Ana_Julia_Jimenez_Sanz,Santiago,23,0
Maria_Javier_Martinez_Jimenez,Iquique,21,-2
Lucia_Diego_Jimenez_Garcia,Rancagua,35,3
Camila_Ana_Perez_Ruiz,Curico,34,3
Diego_Eduardo_Jimenez_Sanz,Iquique,41,4
Javier_Lorena_Jimenez_Gonzalez,Coquimbo,30,2
Diego_Valentina_Garcia_Jimenez,Rancagua,37,-1
Carolina_Maria_Perez_Jimenez,Santiago,5,1
Alejandro_Lorena_Zapata_Gonzalez,Talca,28,1
Juan_Camila_Garcia_Jimenez,Curico,59,3
Miguel_Lorena_Garcia_Jimenez,Arica,40,0
Alejandro_Alejandro_Jimenez_Lopez,Santiago,11,2
Javier_Roberto_Jimenez_Sanz,Curico,26,2
Camila_Maria_Sanz_Gonzalez,Arica,35,0
Luis_Marta_Hernandez_Jimenez,Santiago,39,0
Maria_Paula_Zapata_Perez,Talca,38,-3
Ana_Alejandro_Zapata_Martinez,Coquimbo,36,5
Ana_Eduardo_Garcia_Garcia,Rancagua,41,0
Juan_Julia_Perez_Lopez,Calama,55,3
Carlos_Luis_Sanz_Jimenez,Santiago,52,2
Alejandro_Eduardo_Hernandez_Jimenez,Santiago,25,0
Paula_Pedro_Jimenez_Martinez,Copiapo,48,1
Ana_Diego_Sanz_Ruiz,Santiago,20,0
Javier_Miguel_Sanz_Zapata,Curico,26,0
Eduardo_Roberto_Jimenez_Gonzalez,Santiago,29,3
Roberto_Eduardo_Jimenez_Jimenez,Santiago,35,0
Julia_Ana_Martinez_Perez,Arica,46,-1
Carolina_Javier_Gonzalez_Garcia,Santiago,27,1
Marta_Javier_Sanz_Jimenez,Iquique,8,0
Javier_Sofia_Hernandez_Lopez,Santiago,35,0
Eduardo_Juan_Jimenez_Gonzalez,Santiago,41,0
Luis_Julia_Zapata_Garcia,Calama,29,1
Miguel_Julia_Gonzalez_Gonzalez,Santiago,4,2
Javier_Eduardo_Jimenez_Garcia,Curico,38,1
Carlos_Eduardo_Jimenez_Gonzalez,Curico,36,4
Paula_Camila_Sanz_Ruiz,Valparaiso,10,0
Pedro_Maria_Gomez_Jimenez,Santiago,47,4
Lorena_Carlos_Martinez_Ruiz,Santiago,21,0
Alejandro_Julia_Jimenez_Jimenez,Santiago,48,-1
Javier_Sofia_Zapata_Ruiz,Santiago,31,4
Maria_Valentina_Jimenez_Garcia,Arica,36,3
Juan_Alejandro_Hernandez_Ruiz,Santiago,32,-1
Marta_Marta_Ruiz_Hernandez,Santiago,14,4
Marta_Camila_Gomez_Hernandez,Santiago,40,1
Lucia_Marta_Gonzalez_Gomez,Talca,33,0
Miguel_Carolina_Ruiz_Sanz,Santiago,26,1
Eduardo_Roberto_Sanz_Zapata,Santiago,15,0
Maria_Miguel_Sanz_Garcia,Santiago,43,0
Paula_Sofia_Jimenez_Garcia,Iquique,45,-2
Alejandro_Lorena_Garcia_Gomez,Arica,56,0
Maria_Lucia_Hernandez_Lopez,Valparaiso,65,0
Marta_Eduardo_Martinez_Jimenez,Santiago,24,0
Ana_Luis_Martinez_Zapata,Copiapo,55,1
Marta_Pedro_Garcia_Gonzalez,Iquique,21,3
Sofia_Eduardo_Gomez_Perez,Santiago,14,1
Alejandro_Pedro_Jimenez_Garcia,Rancagua,24,0
Julia_Eduardo_Gonzalez_Lopez,Talca,23,0
Sofia_Ana_Lopez_Jimenez,Santiago,29,0
Lucia_Sofia_Gomez_Hernandez,Arica,18,0
Alejandro_Camila_Jimenez_Garcia,Santiago,23,0
Luis_Javier_Gomez_Zapata,Valparaiso,44,1
Pedro_Julia_Jimenez_Sanz,Valparaiso,9,3
Eduardo_Ana_Zapata_Perez,Rancagua,52,0
Lorena_Luis_Perez_Sanz,Santiago,33,1
Paula_Juan_Gomez_Jimenez,Arica,39,5
Carolina_Lucia_Hernandez_Gomez,Santiago,54,3
Carolina_Alejandro_Garcia_Gonzalez,Rancagua,19,1
Valentina_Sofia_Jimenez_Gonzalez,Santiago,36,2
Paula_Carolina_Jimenez_Jimenez,Curico,50,1
Sofia_Sofia_Hernandez_Gonzalez,Rancagua,59,3
Alejandro_Camila_Sanz_Gonzalez,Santiago,33,-2
Lorena_Pedro_Lopez_Ruiz,Linares,32,0
Juan_Diego_Jimenez_Garcia,Calama,29,0
Eduardo_Lucia_Martinez_Zapata,Santiago,28,0
Pedro_Camila_Hernandez_Martinez,Santiago,15,3
Julia_Diego_Hernandez_Garcia,Iquique,26,-2
Julia_Sofia_Sanz_Sanz,Santiago,38,1
Marta_Luis_Lopez_Gonzalez,Santiago,43,0
Julia_Camila_Sanz_Ruiz,Santiago,40,1
Carolina_Eduardo_Garcia_Jimenez,Arica,-1,2
Julia_Ana_Martinez_Lopez,Santiago,26,2
Diego_Paula_Zapata_Jimenez,Valparaiso,47,-2
Luis_Paula_Jimenez_Perez,Iquique,30,0
Juan_Camila_Lopez_Sanz,Coquimbo,58,0
Julia_Miguel_Lopez_Garcia,Arica,53,0
Julia_Alejandro_Jimenez_Zapata,Santiago,21,-2
Carolina_Marta_Jimenez_Gonzalez,Santiago,18,1
Diego_Juan_Ruiz_Hernandez,Santiago,60,1
Juan_Carolina_Gonzalez_Sanz,Talca,9,-3
Alejandro_Julia_Jimenez_Garcia,Santiago,22,0
Ana_Juan_Jimenez_Martinez,Iquique,40,4
Carlos_Julia_Sanz_Jimenez,Iquique,42,-3
Carolina_Alejandro_Martinez_Sanz,Iquique,50,1
Ana_Javier_Lopez_Jimenez,Linares,53,4
Paula_Camila_Gomez_Martinez,Rancagua,47,0
Paula_Sofia_Zapata_Lopez,Santiago,46,-1
Sofia_Carlos_Jimenez_Gonzalez,Talca,33,4
Diego_Sofia_Jimenez_Jimenez,Curico,21,0
Alejandro_Lucia_Perez_Gomez,Santiago,56,0
Javier_Lucia_Garcia_Jimenez,Arica,17,-1
Carlos_Sofia_Gonzalez_Gomez,Iquique,60,0
Juan_Javier_Zapata_Ruiz,Curico,36,0
Marta_Julia_Gonzalez_Garcia,Santiago,14,0
Miguel_Julia_Gomez_Jimenez,Santiago,20,6
Ana_Ana_Perez_Garcia,Santiago,43,0
Valentina_Sofia_Hernandez_Martinez,Talca,36,-2
Julia_Ana_Perez_Gomez,Santiago,34,2
Javier_Camila_Garcia_Lopez,Santiago,41,1
Lorena_Lucia_Zapata_Jimenez,Arica,5,2
Juan_Diego_Hernandez_Perez,Arica,50,0
Diego_Carolina_Lopez_Jimenez,Curico,48,0
Javier_Javier_Lopez_Ruiz,Linares,21,2
Marta_Carlos_Gonzalez_Perez,Curico,36,4
Diego_Carolina_Jimenez_Lopez,Talca,49,0
Luis_Eduardo_Gonzalez_Perez,Curico,45,-1
Luis_Miguel_Martinez_Gonzalez,Arica,75,2
Pedro_Julia_Hernandez_Jimenez,Iquique,46,-2
Camila_Javier_Garcia_Zapata,Arica,21,1
Miguel_Marta_Gonzalez_Gonzalez,Santiago,33,0
Lucia_Marta_Perez_Ruiz,Arica,9,2
Camila_Pedro_Martinez_Martinez,Santiago,24,0
Julia_Javier_Jimenez_Garcia,Arica,55,1
Lucia_Julia_Gonzalez_Jimenez,Curico,17,0
Paula_Javier_Ruiz_Gonzalez,Santiago,50,3
Juan_Maria_Garcia_Jimenez,Santiago,56,-4
Roberto_Lorena_Garcia_Gonzalez,Santiago,12,3
Lorena_Sofia_Lopez_Ruiz,Santiago,31,-1
Sofia_Carolina_Gonzalez_Perez,Iquique,6,2
Eduardo_Juan_Jimenez_Sanz,Santiago,22,4
Lorena_Lucia_Gonzalez_Perez,Talca,55,0
Miguel_Lorena_Zapata_Perez,Curico,29,0
Alejandro_Carolina_Gonzalez_Hernandez,Santiago,40,-1
Sofia_Eduardo_Sanz_Garcia,Santiago,-4,1
Javier_Javier_Ruiz_Jimenez,Santiago,33,-2
Carlos_Camila_Sanz_Gonzalez,Valparaiso,31,1
Carlos_Lucia_Ruiz_Martinez,Curico,45,0
Javier_Luis_Jimenez_Jimenez,Santiago,30,-2
Roberto_Carlos_Gonzalez_Gomez,Iquique,38,2
Paula_Roberto_Gomez_Jimenez,Santiago,33,0
Diego_Diego_Ruiz_Sanz,Curico,2,0
Juan_Eduardo_Sanz_Perez,Santiago,36,3
Diego_Juan_Jimenez_Hernandez,Santiago,37,0
Pedro_Camila_Martinez_Zapata,Santiago,15,0
Ana_Lucia_Gonzalez_Hernandez,Santiago,54,1
Javier_Julia_Martinez_Ruiz,Rancagua,42,2
Carolina_Diego_Lopez_Garcia,Santiago,42,4
Maria_Luis_Sanz_Jimenez,Talca,63,3
Lucia_Javier_Hernandez_Gonzalez,Talca,53,0
Eduardo_Alejandro_Hernandez_Ruiz,Linares,28,-1
Carlos_Camila_Perez_Gomez,Coquimbo,33,1
Marta_Miguel_Zapata_Zapata,Calama,68,3
Alejandro_Diego_Martinez_Ruiz,Rancagua,33,1
Lucia_Marta_Perez_Jimenez,Copiapo,19,0
Julia_Ana_Lopez_Jimenez,Linares,18,0
Juan_Marta_Lopez_Sanz,Valparaiso,18,1
Lucia_Juan_Martinez_Jimenez,Talca,29,-1
Marta_Roberto_Lopez_Martinez,Curico,54,0
Maria_Ana_Gonzalez_Ruiz,Arica,35,2
Camila_Ana_Perez_Hernandez,Santiago,26,0
Juan_Lorena_Jimenez_Jimenez,Copiapo,28,1
Sofia_Eduardo_Hernandez_Ruiz,Santiago,40,1
Pedro_Juan_Gonzalez_Gonzalez,Santiago,20,1
Alejandro_Luis_Zapata_Gonzalez,Iquique,45,0
Julia_Alejandro_Hernandez_Sanz,Coquimbo,31,3
Camila_Alejandro_Ruiz_Gonzalez,Santiago,24,3
Juan_Javier_Jimenez_Gonzalez,Santiago,43,2
Julia_Julia_Ruiz_Jimenez,Iquique,21,0
Camila_Diego_Ruiz_Martinez,Iquique,33,0
Pedro_Carolina_Jimenez_Lopez,Valparaiso,50,0
Ana_Valentina_Lopez_Martinez,Santiago,58,4
Ana_Ana_Garcia_Gonzalez,Santiago,31,-1
Julia_Valentina_Zapata_Jimenez,Iquique,23,4
Alejandro_Diego_Sanz_Gonzalez,Santiago,41,0
Lorena_Alejandro_Hernandez_Ruiz,Curico,34,0
Roberto_Ana_Jimenez_Hernandez,Coquimbo,35,1
Ana_Alejandro_Hernandez_Martinez,Santiago,14,1
Carolina_Marta_Zapata_Garcia,Linares,26,0
Luis_Marta_Jimenez_Gonzalez,Arica,72,1
Paula_Paula_Hernandez_Jimenez,Santiago,27,0
Luis_Diego_Sanz_Perez,Talca,25,0
Pedro_Sofia_Gonzalez_Ruiz,Curico,31,0
Carlos_Javier_Gomez_Zapata,Arica,25,-1
Luis_Javier_Hernandez_Garcia,Talca,51,1
Paula_Marta_Ruiz_Gonzalez,Santiago,28,1
Sofia_Miguel_Martinez_Perez,Santiago,45,1
Eduardo_Eduardo_Sanz_Martinez,Valparaiso,30,-1
Marta_Maria_Jimenez_Zapata,Linares,20,4
Eduardo_Ana_Jimenez_Gomez,Rancagua,38,-3
Diego_Marta_Gonzalez_Perez,Linares,29,3
Alejandro_Ana_Hernandez_Martinez,Calama,38,-1
Roberto_Lucia_Gomez_Perez,Curico,28,1
Eduardo_Julia_Zapata_Hernandez,Santiago,31,0
Eduardo_Roberto_Garcia_Garcia,Santiago,32,0
Lucia_Miguel_Gonzalez_Hernandez,Santiago,40,1
Lucia_Lorena_Garcia_Jimenez,Curico,58,4
Miguel_Pedro_Gomez_Perez,Talca,49,0
Carolina_Carlos_Gonzalez_Zapata,Linares,19,1
Julia_Camila_Zapata_Lopez,Linares,6,0
Marta_Diego_Hernandez_Zapata,Iquique,33,2
Ana_Alejandro_Lopez_Sanz,Rancagua,45,0
Marta_Luis_Sanz_Sanz,Santiago,14,2
Lorena_Alejandro_Perez_Garcia,Santiago,19,1
Eduardo_Alejandro_Jimenez_Gonzalez,Santiago,44,3
Carolina_Pedro_Hernandez_Garcia,Santiago,43,4
Paula_Juan_Jimenez_Hernandez,Santiago,43,3
Roberto_Ana_Zapata_Garcia,Iquique,29,4
Eduardo_Lorena_Perez_Gonzalez,Arica,34,2
Roberto_Diego_Martinez_Perez,Valparaiso,49,1
Carlos_Luis_Martinez_Lopez,Santiago,27,1
Carlos_Alejandro_Gonzalez_Zapata,Santiago,40,-1
Lorena_Diego_Zapata_Gomez,Santiago,14,2
Pedro_Carolina_Hernandez_Hernandez,Santiago,24,-2
Eduardo_Javier_Lopez_Jimenez,Curico,19,-1
Ana_Pedro_Jimenez_Martinez,Iquique,50,1
Marta_Maria_Sanz_Lopez,Santiago,56,1
Maria_Ana_Gomez_Ruiz,Santiago,39,0
Marta_Lorena_Martinez_Gonzalez,Santiago,20,-4
Lucia_Roberto_Perez_Jimenez,Talca,24,3
Carolina_Valentina_Jimenez_Martinez,Santiago,39,2
Marta_Sofia_Martinez_Gonzalez,Rancagua,34,-2
Luis_Marta_Gonzalez_Jimenez,Santiago,68,2
Javier_Paula_Ruiz_Jimenez,Arica,38,3
Juan_Javier_Martinez_Gomez,Santiago,39,5
Diego_Valentina_Sanz_Gomez,Linares,43,-1
Javier_Ana_Gonzalez_Jimenez,Santiago,7,0
Lucia_Camila_Lopez_Gonzalez,Calama,39,0
Sofia_Javier_Lopez_Sanz,Santiago,40,0
Lucia_Paula_Perez_Jimenez,Iquique,43,2
Maria_Carlos_Martinez_Hernandez,Curico,-22,1
Diego_Camila_Gonzalez_Martinez,Santiago,15,1
Luis_Camila_Hernandez_Lopez,Iquique,41,2
Lorena_Maria_Gonzalez_Zapata,Curico,31,2
Valentina_Pedro_Sanz_Jimenez,Santiago,1,0
Carlos_Marta_Lopez_Jimenez,Copiapo,24,-1
Paula_Valentina_Zapata_Jimenez,Santiago,44,1
Eduardo_Maria_Ruiz_Lopez,Santiago,39,-3
Carolina_Alejandro_Martinez_Hernandez,Santiago,29,2
Diego_Paula_Jimenez_Perez,Copiapo,33,0
Valentina_Ana_Jimenez_Martinez,Curico,16,2
Eduardo_Javier_Zapata_Perez,Linares,14,-1
Pedro_Paula_Perez_Sanz,Santiago,26,2
Lucia_Carlos_Sanz_Ruiz,Curico,43,0
Carolina_Marta_Sanz_Garcia,Arica,35,0
Lorena_Ana_Garcia_Zapata,Santiago,12,-2
Carlos_Juan_Jimenez_Garcia,Linares,51,0
Eduardo_Julia_Perez_Martinez,Copiapo,25,5
Marta_Camila_Gonzalez_Gonzalez,Santiago,57,2
Luis_Valentina_Zapata_Gomez,Curico,49,3
Paula_Miguel_Gomez_Sanz,Rancagua,36,0
Pedro_Carlos_Lopez_Ruiz,Santiago,41,0
Javier_Camila_Jimenez_Gonzalez,Santiago,20,0
Sofia_Lucia_Jimenez_Perez,Santiago,39,3
Ana_Roberto_Martinez_Hernandez,Santiago,20,0
Eduardo_Miguel_Jimenez_Martinez,Curico,30,2
Julia_Javier_Gonzalez_Garcia,Santiago,38,0
Luis_Carlos_Zapata_Gonzalez,Arica,23,0
Lorena_Carlos_Ruiz_Sanz,Valparaiso,31,2
Carlos_Camila_Lopez_Lopez,Rancagua,37,0
Javier_Marta_Jimenez_Sanz,Curico,47,-1
Camila_Valentina_Sanz_Hernandez,Santiago,38,0
Javier_Eduardo_Jimenez_Gonzalez,Santiago,40,3
Carolina_Paula_Gonzalez_Gomez,Calama,36,0
Paula_Pedro_Martinez_Lopez,Santiago,42,0
Sofia_Miguel_Perez_Jimenez,Santiago,55,0
Marta_Alejandro_Perez_Lopez,Iquique,34,0
Lorena_Luis_Martinez_Gomez,Rancagua,25,0
Lorena_Alejandro_Zapata_Ruiz,Linares,40,2
Sofia_Alejandro_Jimenez_Jimenez,Santiago,25,-1
Paula_Marta_Sanz_Jimenez,Santiago,43,2
Juan_Sofia_Garcia_Gonzalez,Santiago,45,0
Valentina_Luis_Zapata_Gonzalez,Curico,48,4
Camila_Lucia_Martinez_Sanz,Santiago,37,3
Pedro_Ana_Perez_Ruiz,Iquique,24,2
Ana_Miguel_Martinez_Garcia,Santiago,-3,0
Marta_Roberto_Sanz_Gomez,Santiago,39,4
Eduardo_Roberto_Gonzalez_Sanz,Curico,33,1
Lorena_Miguel_Jimenez_Gonzalez,Santiago,45,0
Sofia_Miguel_Gonzalez_Martinez,Arica,29,0
Diego_Lucia_Ruiz_Garcia,Santiago,7,1
Lucia_Camila_Garcia_Ruiz,Valparaiso,38,3
Alejandro_Juan_Garcia_Ruiz,Calama,49,1
Julia_Juan_Zapata_Garcia,Arica,60,1
Roberto_Julia_Hernandez_Jimenez,Santiago,19,0
Eduardo_Maria_Ruiz_Jimenez,Talca,52,0
Pedro_Javier_Garcia_Gomez,Valparaiso,55,1
Eduardo_Diego_Jimenez_Gonzalez,Talca,55,1
Julia_Alejandro_Jimenez_Jimenez,Santiago,40,3
Alejandro_Maria_Jimenez_Jimenez,Rancagua,20,1
Paula_Julia_Garcia_Lopez,Santiago,47,2
Marta_Luis_Hernandez_Lopez,Talca,25,2
Pedro_Juan_Garcia_Perez,Santiago,17,-3
Marta_Maria_Jimenez_Hernandez,Arica,41,0
Julia_Eduardo_Sanz_Hernandez,Arica,58,0
Lorena_Carolina_Hernandez_Ruiz,Santiago,38,3
Carlos_Luis_Zapata_Gomez,Santiago,24,0
Roberto_Lorena_Lopez_Sanz,Santiago,36,3
Lorena_Camila_Zapata_Garcia,Santiago,32,0
Ana_Pedro_Martinez_Jimenez,Santiago,39,1
Javier_Miguel_Ruiz_Jimenez,Iquique,31,0
Roberto_Luis_Jimenez_Sanz,Santiago,17,0
Lorena_Javier_Lopez_Ruiz,Santiago,14,5
Lucia_Juan_Gonzalez_Gonzalez,Curico,20,0
Carlos_Lorena_Lopez_Jimenez,Curico,34,-1
Lorena_Camila_Lopez_Sanz,Curico,55,3
Carlos_Lorena_Lopez_Lopez,Curico,34,5
Alejandro_Camila_Hernandez_Hernandez,Iquique,47,0
Ana_Sofia_Zapata_Hernandez,Santiago,42,0
Camila_Marta_Martinez_Jimenez,Santiago,29,-1
Alejandro_Paula_Martinez_Ruiz,Linares,45,0
Lorena_Pedro_Perez_Ruiz,Santiago,49,1
Alejandro_Pedro_Jimenez_Garcia,Santiago,67,0
Carlos_Miguel_Sanz_Lopez,Talca,24,-1
Eduardo_Miguel_Ruiz_Zapata,Santiago,30,-1
Lorena_Valentina_Martinez_Perez,Curico,30,3
Valentina_Eduardo_Perez_Zapata,Santiago,5,2
Roberto_Carolina_Zapata_Jimenez,Linares,67,0
Lorena_Luis_Ruiz_Gonzalez,Iquique,44,2
Lorena_Ana_Martinez_Jimenez,Santiago,64,2
Juan_Ana_Ruiz_Sanz,Curico,37,3
Eduardo_Alejandro_Hernandez_Ruiz,Arica,41,1
Marta_Eduardo_Gonzalez_Gonzalez,Santiago,55,1
Ana_Carlos_Ruiz_Jimenez,Arica,10,2
Pedro_Miguel_Sanz_Gonzalez,Copiapo,38,2
Eduardo_Miguel_Jimenez_Jimenez,Santiago,5,0
Juan_Julia_Zapata_Garcia,Copiapo,34,1
Sofia_Miguel_Zapata_Lopez,Santiago,43,-2
Maria_Lucia_Sanz_Martinez,Santiago,21,-1
Diego_Roberto_Jimenez_Zapata,Santiago,31,-2
Carolina_Camila_Jimenez_Hernandez,Santiago,31,0
Camila_Paula_Martinez_Sanz,Santiago,54,2
Lorena_Juan_Gonzalez_Zapata,Santiago,57,1
Eduardo_Sofia_Martinez_Gonzalez,Santiago,18,1
Miguel_Javier_Jimenez_Martinez,Rancagua,42,0
Juan_Maria_Jimenez_Gonzalez,Santiago,53,0
Alejandro_Maria_Garcia_Gomez,Iquique,35,0
Maria_Lucia_Jimenez_Zapata,Santiago,44,4
Eduardo_Marta_Gomez_Gomez,Santiago,24,2
Miguel_Carlos_Lopez_Jimenez,Rancagua,21,0
Javier_Marta_Gonzalez_Gomez,Santiago,10,-2
Marta_Javier_Jimenez_Gomez,Iquique,45,4
Diego_Valentina_Jimenez_Ruiz,Curico,26,1
Lucia_Javier_Hernandez_Zapata,Santiago,56,3
Juan_Eduardo_Hernandez_Lopez,Valparaiso,53,1
Alejandro_Pedro_Gonzalez_Martinez,Rancagua,32,0
Paula_Maria_Zapata_Jimenez,Iquique,59,2
Ana_Carlos_Ruiz_Zapata,Iquique,57,0
Javier_Carlos_Gonzalez_Gonzalez,Santiago,34,1
Ana_Luis_Jimenez_Ruiz,Arica,38,2
Lucia_Juan_Gonzalez_Hernandez,Talca,49,-2
Carolina_Roberto_Gonzalez_Gomez,Santiago,28,3
Miguel_Julia_Martinez_Lopez,Santiago,31,0
Luis_Alejandro_Gonzalez_Gonzalez,Santiago,49,1
Carolina_Alejandro_Garcia_Ruiz,Iquique,57,-1
Eduardo_Javier_Hernandez_Perez,Santiago,46,0
Ana_Sofia_Ruiz_Gonzalez,Arica,28,3
Pedro_Sofia_Garcia_Ruiz,Valparaiso,42,1
Carolina_Marta_Hernandez_Garcia,Santiago,23,1
Carolina_Carolina_Hernandez_Sanz,Curico,58,1
Lucia_Carolina_Hernandez_Martinez,Santiago,28,2
Javier_Valentina_Zapata_Jimenez,Curico,56,-1
Ana_Camila_Jimenez_Gonzalez,Iquique,43,0
Julia_Lorena_Gomez_Gonzalez,Iquique,28,1
Paula_Sofia_Ruiz_Ruiz,Curico,19,0
Paula_Roberto_Gonzalez_Martinez,Santiago,37,-2
Diego_Juan_Martinez_Lopez,Santiago,54,0
Alejandro_Camila_Jimenez_Zapata,Curico,46,2
Lorena_Juan_Zapata_Lopez,Rancagua,36,0
Lucia_Valentina_Jimenez_Perez,Santiago,45,1
Roberto_Javier_Gonzalez_Gonzalez,Curico,38,2
Juan_Maria_Garcia_Sanz,Coquimbo,59,-1
Carolina_Eduardo_Gomez_Lopez,Talca,41,1
Camila_Diego_Zapata_Garcia,Santiago,38,3
Sofia_Lorena_Hernandez_Perez,Rancagua,33,1
Alejandro_Lucia_Gomez_Perez,Santiago,59,0
Roberto_Carlos_Hernandez_Lopez,Talca,24,-1
Eduardo_Valentina_Lopez_Perez,Talca,30,0
Roberto_Lucia_Gonzalez_Sanz,Arica,10,2
Javier_Camila_Hernandez_Perez,Iquique,11,0
Julia_Paula_Jimenez_Jimenez,Santiago,11,0
Pedro_Diego_Jimenez_Gomez,Rancagua,29,3
Valentina_Juan_Zapata_Hernandez,Santiago,23,0
Julia_Diego_Gonzalez_Garcia,Valparaiso,43,-3
Miguel_Alejandro_Martinez_Martinez,Iquique,39,3
Carolina_Javier_Perez_Sanz,Valparaiso,16,0
Juan_Paula_Gomez_Lopez,Curico,47,0
Pedro_Diego_Jimenez_Gonzalez,Coquimbo,38,3
Sofia_Carolina_Perez_Sanz,Santiago,45,3
Maria_Sofia_Ruiz_Jimenez,Rancagua,29,4
Roberto_Marta_Perez_Ruiz,Curico,63,-2
Ana_Roberto_Ruiz_Ruiz,Santiago,84,1
Pedro_Paula_Perez_Martinez,Talca,40,-1
Ana_Carlos_Gonzalez_Gomez,Santiago,34,0
Luis_Carlos_Sanz_Hernandez,Santiago,24,1
Eduardo_Alejandro_Gonzalez_Jimenez,Santiago,26,0
Pedro_Eduardo_Jimenez_Hernandez,Santiago,51,-2
Camila_Luis_Jimenez_Martinez,Talca,26,-1
Maria_Sofia_Lopez_Garcia,Rancagua,32,2
Marta_Carolina_Jimenez_Gonzalez,Valparaiso,55,3
Camila_Lucia_Lopez_Gonzalez,Santiago,39,0
Lorena_Maria_Sanz_Ruiz,Coquimbo,39,1
Camila_Eduardo_Perez_Ruiz,Calama,30,1
Lorena_Diego_Gonzalez_Perez,Curico,52,2
Maria_Lorena_Lopez_Martinez,Arica,44,1
Eduardo_Carlos_Zapata_Perez,Santiago,0,1
Miguel_Alejandro_Gonzalez_Jimenez,Talca,50,0
Miguel_Julia_Zapata_Sanz,Santiago,18,0
Luis_Juan_Gomez_Martinez,Curico,50,2
Alejandro_Diego_Garcia_Gonzalez,Iquique,59,0
Camila_Lorena_Garcia_Lopez,Santiago,32,3
Lucia_Lorena_Lopez_Zapata,Arica,36,1
Lorena_Carolina_Ruiz_Gonzalez,Talca,6,2
Luis_Camila_Gonzalez_Garcia,Linares,21,-1
Paula_Diego_Jimenez_Gomez,Santiago,54,0
Diego_Juan_Gonzalez_Gonzalez,Valparaiso,54,0
Julia_Luis_Hernandez_Gonzalez,Curico,34,2
Carolina_Javier_Jimenez_Garcia,Santiago,26,0
Valentina_Marta_Hernandez_Sanz,Curico,24,0
Carolina_Diego_Lopez_Jimenez,Santiago,44,0
Carlos_Pedro_Zapata_Hernandez,Santiago,40,0
Julia_Luis_Jimenez_Perez,Calama,54,1
Roberto_Lucia_Hernandez_Sanz,Rancagua,11,-1
Juan_Luis_Gonzalez_Sanz,Santiago,2,0
Alejandro_Camila_Perez_Gonzalez,Curico,32,0
Miguel_Diego_Zapata_Ruiz,Calama,18,-2
Pedro_Camila_Ruiz_Jimenez,Curico,23,3
Julia_Ana_Jimenez_Gomez,Iquique,47,0
Carlos_Valentina_Hernandez_Jimenez,Curico,7,1
Carlos_Eduardo_Garcia_Jimenez,Santiago,39,1
Camila_Pedro_Zapata_Martinez,Arica,21,3
Ana_Juan_Gomez_Gonzalez,Arica,68,1
Alejandro_Maria_Gomez_Gomez,Santiago,28,0
Carlos_Pedro_Gomez_Gomez,Santiago,39,2
Alejandro_Carolina_Gomez_Perez,Santiago,25,4
Luis_Ana_Sanz_Gonzalez,Santiago,32,1
Valentina_Camila_Zapata_Jimenez,Santiago,41,0
Roberto_Diego_Hernandez_Ruiz,Iquique,40,3
Carolina_Eduardo_Hernandez_Ruiz,Santiago,54,5
Alejandro_Julia_Ruiz_Sanz,Arica,28,1
Roberto_Valentina_Gomez_Garcia,Curico,34,3
Lucia_Diego_Sanz_Martinez,Curico,41,-1
Paula_Marta_Zapata_Zapata,Rancagua,29,0
Pedro_Marta_Gomez_Gonzalez,Talca,14,0
Eduardo_Diego_Jimenez_Gomez,Valparaiso,51,2
Camila_Maria_Jimenez_Garcia,Talca,13,0
Marta_Luis_Sanz_Gomez,Santiago,16,2
Ana_Roberto_Jimenez_Zapata,Linares,32,0
Valentina_Marta_Martinez_Gomez,Santiago,25,2
Luis_Miguel_Garcia_Lopez,Curico,16,0
Alejandro_Eduardo_Perez_Hernandez,Santiago,21,2
Lucia_Sofia_Gomez_Lopez,Calama,39,3
Pedro_Miguel_Garcia_Zapata,Santiago,41,3
Marta_Carlos_Garcia_Hernandez,Santiago,56,2
Miguel_Paula_Hernandez_Jimenez,Valparaiso,12,0
Ana_Roberto_Jimenez_Gonzalez,Santiago,67,4
Miguel_Carlos_Hernandez_Jimenez,Santiago,31,2
Alejandro_Alejandro_Gonzalez_Gonzalez,Curico,14,3
Maria_Diego_Ruiz_Lopez,Santiago,30,-1
Lucia_Paula_Garcia_Sanz,Santiago,34,1
Miguel_Diego_Gomez_Ruiz,Copiapo,27,-2
Ana_Julia_Hernandez_Sanz,Calama,29,4
Roberto_Diego_Jimenez_Gonzalez,Linares,19,0
Ana_Diego_Martinez_Gomez,Valparaiso,30,0
Carolina_Julia_Jimenez_Gonzalez,Santiago,61,-1
Maria_Camila_Ruiz_Perez,Santiago,52,1
Lorena_Lorena_Gonzalez_Jimenez,Santiago,36,0
Eduardo_Roberto_Garcia_Sanz,Santiago,47,1
Ana_Sofia_Jimenez_Gomez,Santiago,15,1
Paula_Camila_Ruiz_Sanz,Iquique,11,1
Sofia_Carolina_Sanz_Sanz,Iquique,37,1
Paula_Roberto_Hernandez_Lopez,Santiago,50,0
Javier_Diego_Ruiz_Garcia,Arica,45,-1
Roberto_Maria_Jimenez_Jimenez,Arica,32,2
Ana_Alejandro_Gonzalez_Perez,Talca,18,1
Maria_Juan_Perez_Zapata,Santiago,7,1
Valentina_Paula_Martinez_Gonzalez,Santiago,19,0
Eduardo_Alejandro_Ruiz_Gonzalez,Santiago,40,0
Carolina_Carlos_Jimenez_Perez,Linares,31,2
Pedro_Julia_Gomez_Lopez,Santiago,10,0
Diego_Paula_Gonzalez_Martinez,Curico,68,3
Ana_Javier_Lopez_Gonzalez,Iquique,23,1
Roberto_Valentina_Lopez_Garcia,Talca,16,3
Maria_Luis_Zapata_Jimenez,Rancagua,40,2
Javier_Miguel_Zapata_Gomez,Curico,39,-1
Javier_Lucia_Zapata_Jimenez,Santiago,34,4
Javier_Lucia_Ruiz_Jimenez,Copiapo,35,0
Roberto_Eduardo_Zapata_Zapata,Rancagua,43,0
Camila_Camila_Gonzalez_Ruiz,Santiago,-8,3
Roberto_Miguel_Lopez_Lopez,Santiago,23,0
Miguel_Juan_Lopez_Gonzalez,Rancagua,29,2
Diego_Valentina_Gonzalez_Garcia,Valparaiso,26,2
Lorena_Camila_Zapata_Hernandez,Santiago,48,-1
Lucia_Eduardo_Gonzalez_Perez,Santiago,46,-1
Camila_Valentina_Gonzalez_Garcia,Santiago,31,2
Javier_Lucia_Perez_Gonzalez,Coquimbo,23,0
Lucia_Marta_Lopez_Perez,Linares,64,0
Javier_Julia_Garcia_Garcia,Talca,25,2
Paula_Javier_Gonzalez_Zapata,Valparaiso,15,0
Marta_Alejandro_Sanz_Hernandez,Santiago,56,2
Roberto_Alejandro_Jimenez_Jimenez,Calama,28,3
Camila_Julia_Garcia_Hernandez,Curico,22,-1
Diego_Valentina_Gomez_Gonzalez,Curico,24,0
Carolina_Pedro_Sanz_Perez,Santiago,39,0
Diego_Camila_Gonzalez_Gonzalez,Santiago,34,1
Valentina_Javier_Gomez_Gonzalez,Rancagua,40,0
Sofia_Juan_Martinez_Zapata,Santiago,44,-3
Maria_Paula_Gonzalez_Gomez,Rancagua,14,-5
Ana_Marta_Perez_Zapata,Santiago,27,0
Marta_Luis_Zapata_Gonzalez,Santiago,26,2
Julia_Miguel_Jimenez_Ruiz,Talca,65,-3
Ana_Javier_Gomez_Jimenez,Santiago,35,1
Marta_Roberto_Hernandez_Hernandez,Talca,50,1
Pedro_Maria_Martinez_Ruiz,Copiapo,13,0
Lorena_Juan_Jimenez_Zapata,Santiago,54,1
Julia_Eduardo_Hernandez_Hernandez,Iquique,58,0
Maria_Valentina_Lopez_Perez,Santiago,37,2
Juan_Lucia_Gonzalez_Lopez,Santiago,61,4
Miguel_Ana_Zapata_Lopez,Santiago,38,0
Ana_Valentina_Gonzalez_Martinez,Copiapo,40,1
Lucia_Valentina_Gonzalez_Gomez,Santiago,40,3
Javier_Julia_Zapata_Zapata,Santiago,19,0
Juan_Juan_Gomez_Sanz,Talca,20,-1
Javier_Camila_Gomez_Martinez,Santiago,57,-2
Carlos_Lucia_Zapata_Jimenez,Santiago,16,1
Marta_Valentina_Sanz_Hernandez,Santiago,51,0
Marta_Marta_Jimenez_Martinez,Iquique,57,-3
Pedro_Diego_Gonzalez_Gomez,Iquique,16,-3
Julia_Alejandro_Sanz_Martinez,Santiago,60,-3
Alejandro_Javier_Ruiz_Gonzalez,Rancagua,34,0
Sofia_Alejandro_Lopez_Ruiz,Rancagua,34,2
Carlos_Lucia_Gomez_Martinez,Santiago,21,0
Paula_Camila_Gonzalez_Hernandez,Valparaiso,13,5
Carolina_Carlos_Garcia_Sanz,Rancagua,46,-1
Juan_Carolina_Lopez_Garcia,Rancagua,19,1
Lucia_Roberto_Martinez_Lopez,Talca,16,4
Lucia_Carolina_Martinez_Jimenez,Copiapo,44,0
Sofia_Ana_Gomez_Lopez,Curico,40,0
Julia_Marta_Gomez_Martinez,Rancagua,58,4
Sofia_Pedro_Jimenez_Lopez,Iquique,9,1
Roberto_Camila_Gonzalez_Jimenez,Santiago,16,0
Carlos_Marta_Perez_Gomez,Santiago,31,-1
Lucia_Marta_Perez_Sanz,Coquimbo,38,1
Sofia_Maria_Gonzalez_Ruiz,Rancagua,23,3
Juan_Julia_Gonzalez_Gomez,Santiago,40,0
Juan_Camila_Martinez_Gonzalez,Santiago,37,-1
Lucia_Javier_Zapata_Gomez,Curico,46,6
Miguel_Camila_Jimenez_Sanz,Talca,35,2
Diego_Lorena_Zapata_Lopez,Valparaiso,26,1
Ana_Lucia_Ruiz_Lopez,Santiago,35,2
Eduardo_Juan_Lopez_Zapata,Santiago,36,0
Maria_Miguel_Ruiz_Perez,Copiapo,32,3
Ana_Lucia_Gonzalez_Sanz,Curico,21,-1
Alejandro_Roberto_Martinez_Lopez,Santiago,34,4
Alejandro_Valentina_Zapata_Jimenez,Rancagua,38,3
Valentina_Camila_Garcia_Hernandez,Talca,40,-2
Alejandro_Lorena_Gomez_Gomez,Santiago,2,-1
Roberto_Valentina_Perez_Zapata,Santiago,45,2
Carolina_Juan_Martinez_Gonzalez,Santiago,41,0
Julia_Eduardo_Hernandez_Hernandez,Arica,20,6
Carolina_Carlos_Jimenez_Jimenez,Iquique,45,0
Julia_Pedro_Gomez_Lopez,Rancagua,46,5
Marta_Alejandro_Gonzalez_Gonzalez,Santiago,38,0
Diego_Pedro_Ruiz_Jimenez,Coquimbo,33,0
Valentina_Luis_Jimenez_Garcia,Valparaiso,49,0
Luis_Camila_Gomez_Perez,Rancagua,39,0
Juan_Roberto_Jimenez_Hernandez,Santiago,25,0
Carlos_Julia_Zapata_Gonzalez,Iquique,30,3
Roberto_Camila_Jimenez_Jimenez,Santiago,48,4
Javier_Sofia_Sanz_Zapata,Santiago,49,-1
Diego_Luis_Lopez_Lopez,Valparaiso,35,0
Pedro_Carolina_Jimenez_Gonzalez,Santiago,29,1
Juan_Marta_Garcia_Gomez,Iquique,44,1
Carolina_Eduardo_Perez_Sanz,Santiago,25,1
Miguel_Pedro_Zapata_Perez,Talca,12,0
Miguel_Eduardo_Gonzalez_Gomez,Curico,40,2
Juan_Roberto_Martinez_Ruiz,Talca,10,0
Lucia_Lorena_Sanz_Gonzalez,Arica,25,2
Pedro_Valentina_Gonzalez_Martinez,Calama,41,-1
Luis_Eduardo_Lopez_Perez,Santiago,28,0
Luis_Valentina_Lopez_Hernandez,Arica,10,0
Juan_Valentina_Perez_Hernandez,Arica,23,1
Javier_Julia_Perez_Hernandez,Talca,11,3
Juan_Paula_Garcia_Gomez,Rancagua,22,-1
Javier_Pedro_Garcia_Jimenez,Iquique,31,2
Carlos_Pedro_Gonzalez_Jimenez,Santiago,11,2
Sofia_Lorena_Garcia_Jimenez,Santiago,21,3
Javier_Miguel_Gonzalez_Hernandez,Santiago,33,2
Miguel_Eduardo_Zapata_Zapata,Coquimbo,66,0
Camila_Juan_Martinez_Perez,Iquique,40,-3
Maria_Roberto_Ruiz_Jimenez,Copiapo,15,0
Diego_Roberto_Zapata_Hernandez,Iquique,55,-1
Marta_Miguel_Hernandez_Martinez,Valparaiso,55,4
Marta_Diego_Lopez_Jimenez,Coquimbo,55,1
Sofia_Miguel_Gonzalez_Gonzalez,Iquique,63,-1
Alejandro_Ana_Perez_Gonzalez,Talca,19,2
Lorena_Eduardo_Gonzalez_Gonzalez,Copiapo,62,1
Juan_Javier_Perez_Ruiz,Rancagua,44,3
Sofia_Camila_Martinez_Hernandez,Iquique,51,1
Javier_Roberto_Sanz_Hernandez,Iquique,36,1
Luis_Marta_Gonzalez_Lopez,Calama,36,1
Juan_Julia_Jimenez_Garcia,Santiago,35,4
Paula_Maria_Jimenez_Martinez,Santiago,38,2
Lucia_Diego_Jimenez_Zapata,Santiago,44,0
Julia_Lucia_Lopez_Perez,Santiago,35,-1
Carolina_Lorena_Hernandez_Lopez,Santiago,43,3
Sofia_Marta_Ruiz_Sanz,Santiago,32,0
Eduardo_Miguel_Ruiz_Lopez,Santiago,58,0
Sofia_Pedro_Jimenez_Ruiz,Calama,43,2
Ana_Camila_Lopez_Hernandez,Copiapo,42,1
Paula_Carolina_Jimenez_Zapata,Iquique,37,0
Sofia_Miguel_Martinez_Lopez,Arica,20,0
Camila_Carolina_Lopez_Sanz,Iquique,48,1
Carolina_Julia_Hernandez_Martinez,Linares,32,2
Sofia_Lorena_Sanz_Gonzalez,Rancagua,39,6
Julia_Ana_Gonzalez_Zapata,Linares,47,0
Lorena_Juan_Garcia_Ruiz,Santiago,46,2
Camila_Roberto_Lopez_Garcia,Santiago,49,-1
Carlos_Carolina_Gonzalez_Perez,Rancagua,23,0
Marta_Alejandro_Gomez_Garcia,Santiago,50,0
Luis_Carolina_Jimenez_Jimenez,Santiago,45,2
Paula_Julia_Hernandez_Ruiz,Santiago,37,1
Diego_Alejandro_Jimenez_Zapata,Talca,40,3
Sofia_Carlos_Garcia_Jimenez,Santiago,5,5
Diego_Luis_Sanz_Ruiz,Santiago,56,1
Lorena_Julia_Jimenez_Ruiz,Talca,36,0
Paula_Carlos_Sanz_Gonzalez,Iquique,40,0
Roberto_Eduardo_Gonzalez_Gomez,Valparaiso,15,-1
Diego_Maria_Gonzalez_Gomez,Santiago,37,0
Javier_Juan_Gonzalez_Gonzalez,Santiago,46,0
Ana_Pedro_Zapata_Lopez,Iquique,24,2
Alejandro_Roberto_Martinez_Perez,Talca,27,1
Lorena_Sofia_Hernandez_Jimenez,Santiago,46,0
Lucia_Eduardo_Garcia_Gonzalez,Calama,35,0
Diego_Roberto_Gonzalez_Lopez,Curico,45,0
Sofia_Miguel_Garcia_Lopez,Valparaiso,15,2
Diego_Maria_Jimenez_Zapata,Curico,35,1
Lucia_Eduardo_Zapata_Lopez,Rancagua,41,-1
Ana_Eduardo_Gomez_Sanz,Coquimbo,48,-1
Eduardo_Miguel_Gomez_Ruiz,Arica,56,2
Julia_Roberto_Gonzalez_Jimenez,Santiago,14,1
Javier_Ana_Ruiz_Martinez,Calama,18,0
Javier_Ana_Gonzalez_Gonzalez,Arica,27,4
Camila_Diego_Sanz_Zapata,Santiago,55,3
Diego_Miguel_Martinez_Gonzalez,Iquique,36,0
Roberto_Eduardo_Zapata_Jimenez,Santiago,14,0
Camila_Pedro_Martinez_Zapata,Iquique,42,2
Camila_Luis_Lopez_Perez,Calama,21,0
Juan_Eduardo_Ruiz_Gomez,Copiapo,37,1
Eduardo_Carlos_Sanz_Hernandez,Curico,35,3
Sofia_Lucia_Gomez_Gonzalez,Coquimbo,37,1
Paula_Pedro_Zapata_Garcia,Curico,7,1
Marta_Marta_Perez_Hernandez,Copiapo,48,1
Paula_Javier_Hernandez_Jimenez,Iquique,39,0
Paula_Maria_Martinez_Perez,Santiago,57,1
Ana_Julia_Gomez_Gonzalez,Santiago,34,0
Alejandro_Pedro_Jimenez_Sanz,Santiago,42,6
Alejandro_Camila_Garcia_Gonzalez,Copiapo,6,4
Maria_Lucia_Zapata_Jimenez,Santiago,33,1
Miguel_Pedro_Gonzalez_Zapata,Santiago,19,1
Lorena_Valentina_Gomez_Gomez,Talca,50,2
Pedro_Javier_Garcia_Perez,Santiago,27,-3
Marta_Maria_Jimenez_Gonzalez,Iquique,50,0
Alejandro_Juan_Perez_Jimenez,Arica,28,3
Marta_Maria_Ruiz_Zapata,Santiago,28,3
Juan_Julia_Hernandez_Lopez,Iquique,40,-3
Alejandro_Eduardo_Perez_Lopez,Iquique,45,0
Diego_Julia_Jimenez_Jimenez,Santiago,33,2
Luis_Luis_Hernandez_Martinez,Santiago,45,3
Lucia_Sofia_Lopez_Hernandez,Santiago,30,1
Carolina_Carolina_Ruiz_Hernandez,Santiago,35,1
Javier_Camila_Jimenez_Martinez,Copiapo,43,0
Julia_Maria_Jimenez_Gomez,Santiago,48,7
Julia_Alejandro_Perez_Jimenez,Valparaiso,44,3
Carlos_Marta_Hernandez_Jimenez,Santiago,18,3
Luis_Julia_Perez_Gomez,Curico,36,-2
Miguel_Juan_Gonzalez_Gomez,Santiago,49,0
Alejandro_Eduardo_Jimenez_Hernandez,Valparaiso,21,0
Valentina_Luis_Jimenez_Martinez,Linares,10,1
Eduardo_Paula_Garcia_Sanz,Santiago,20,0
Javier_Camila_Perez_Garcia,Curico,38,4
Carolina_Luis_Perez_Gonzalez,Coquimbo,21,5
Luis_Luis_Ruiz_Hernandez,Santiago,27,0
Alejandro_Ana_Garcia_Lopez,Santiago,25,0
Miguel_Juan_Jimenez_Martinez,Talca,23,-5
Diego_Julia_Zapata_Gomez,Curico,42,4
Marta_Eduardo_Perez_Zapata,Talca,28,2
Lorena_Sofia_Gonzalez_Jimenez,Talca,28,-3
Carlos_Sofia_Jimenez_Garcia,Copiapo,46,1
Lorena_Eduardo_Jimenez_Ruiz,Santiago,23,0
Sofia_Pedro_Zapata_Jimenez,Santiago,37,3
Camila_Pedro_Gonzalez_Zapata,Santiago,55,3
Javier_Miguel_Martinez_Garcia,Curico,36,0
Luis_Roberto_Martinez_Hernandez,Santiago,28,0
Camila_Carolina_Sanz_Ruiz,Talca,40,3
Valentina_Ana_Ruiz_Sanz,Curico,54,0
Carolina_Lucia_Perez_Martinez,Iquique,28,2
Valentina_Ana_Garcia_Gomez,Talca,29,-2
Lucia_Roberto_Jimenez_Perez,Copiapo,27,-1
Lucia_Carlos_Sanz_Martinez,Arica,22,2
Marta_Pedro_Martinez_Gonzalez,Rancagua,17,1
Carolina_Lorena_Jimenez_Zapata,Iquique,64,4
Javier_Camila_Jimenez_Lopez,Talca,54,-3
Alejandro_Roberto_Gomez_Zapata,Santiago,39,0
Miguel_Alejandro_Perez_Gonzalez,Linares,41,0
Maria_Lorena_Jimenez_Gonzalez,Iquique,44,0
Lucia_Julia_Gonzalez_Jimenez,Arica,44,2
Maria_Paula_Jimenez_Ruiz,Santiago,70,2
Diego_Miguel_Sanz_Zapata,Santiago,34,2
Eduardo_Lorena_Zapata_Zapata,Santiago,20,-1
Alejandro_Carlos_Zapata_Martinez,Talca,31,-1
Ana_Luis_Lopez_Ruiz,Curico,33,-3
Eduardo_Roberto_Hernandez_Lopez,Arica,46,2
Luis_Juan_Hernandez_Gonzalez,Santiago,37,5
Camila_Juan_Zapata_Garcia,Santiago,48,1
Paula_Diego_Garcia_Hernandez,Curico,25,3
Miguel_Lorena_Perez_Jimenez,Santiago,16,3
Lorena_Valentina_Martinez_Jimenez,Santiago,34,1
Paula_Valentina_Jimenez_Gomez,Santiago,30,1
Carlos_Alejandro_Sanz_Martinez,Santiago,46,2
Paula_Camila_Sanz_Gonzalez,Talca,20,2
Luis_Diego_Sanz_Zapata,Arica,32,0
Camila_Julia_Gonzalez_Gonzalez,Santiago,50,0
Carolina_Marta_Hernandez_Ruiz,Santiago,17,1
Lucia_Pedro_Hernandez_Zapata,Santiago,33,1
Miguel_Maria_Martinez_Gonzalez,Talca,46,3
Diego_Lorena_Gonzalez_Martinez,Arica,38,4
Roberto_Eduardo_Jimenez_Ruiz,Arica,39,-1
Lorena_Carlos_Martinez_Jimenez,Arica,33,2
Maria_Pedro_Lopez_Jimenez,Santiago,25,0
Sofia_Lucia_Gonzalez_Gomez,Linares,2,1
Lorena_Luis_Martinez_Jimenez,Santiago,49,1
Marta_Lorena_Jimenez_Ruiz,Santiago,12,3
Maria_Miguel_Martinez_Gomez,Santiago,38,-1
Ana_Marta_Gonzalez_Perez,Curico,19,0
Lorena_Ana_Perez_Gomez,Curico,19,-1
Lucia_Luis_Jimenez_Jimenez,Arica,38,1
Marta_Roberto_Sanz_Perez,Santiago,47,1
Marta_Carlos_Jimenez_Lopez,Santiago,19,-2
Juan_Luis_Gomez_Sanz,Santiago,27,4
Carlos_Juan_Gonzalez_Gonzalez,Santiago,34,0
Marta_Miguel_Gomez_Lopez,Iquique,47,2
Carolina_Juan_Jimenez_Martinez,Santiago,17,-1
Paula_Carolina_Gomez_Ruiz,Linares,26,2
Ana_Carolina_Jimenez_Martinez,Coquimbo,30,3
Juan_Camila_Lopez_Gonzalez,Rancagua,57,-1
Camila_Diego_Jimenez_Gomez,Copiapo,25,2
Roberto_Juan_Jimenez_Zapata,Santiago,37,-1
Roberto_Camila_Gonzalez_Lopez,Talca,43,0
Diego_Julia_Lopez_Zapata,Valparaiso,37,0
Paula_Sofia_Gomez_Gonzalez,Coquimbo,43,0
Ana_Pedro_Lopez_Lopez,Valparaiso,16,0
Miguel_Sofia_Hernandez_Sanz,Santiago,47,0
Juan_Maria_Hernandez_Martinez,Coquimbo,51,0
Javier_Lorena_Lopez_Gomez,Linares,33,0
Sofia_Javier_Gonzalez_Martinez,Rancagua,31,1
Sofia_Valentina_Hernandez_Gonzalez,Santiago,20,-2
Alejandro_Roberto_Sanz_Sanz,Santiago,53,2
Javier_Miguel_Hernandez_Jimenez,Talca,45,0
Lorena_Camila_Lopez_Zapata,Santiago,55,3
Lorena_Lucia_Sanz_Lopez,Curico,55,3
Marta_Eduardo_Garcia_Perez,Santiago,56,0
Lorena_Roberto_Sanz_Ruiz,Valparaiso,18,3
Diego_Alejandro_Martinez_Gomez,Rancagua,21,0
Luis_Carlos_Jimenez_Gomez,Santiago,32,0
Pedro_Diego_Garcia_Perez,Iquique,12,0
Diego_Lucia_Martinez_Lopez,Santiago,4,0
Carlos_Lorena_Gonzalez_Ruiz,Santiago,22,4
Maria_Paula_Garcia_Gonzalez,Santiago,41,2
Alejandro_Carolina_Zapata_Zapata,Santiago,56,1
Alejandro_Pedro_Jimenez_Hernandez,Coquimbo,35,1
Lucia_Valentina_Hernandez_Jimenez,Santiago,45,1
Marta_Miguel_Jimenez_Gonzalez,Linares,31,0
Ana_Lorena_Gonzalez_Garcia,Santiago,40,0
Ana_Ana_Lopez_Jimenez,Linares,49,-1
Sofia_Lucia_Gonzalez_Martinez,Santiago,30,2
Juan_Marta_Ruiz_Zapata,Santiago,46,0
Marta_Lucia_Lopez_Martinez,Talca,54,4
Valentina_Javier_Martinez_Jimenez,Iquique,27,0
Alejandro_Julia_Gomez_Zapata,Talca,18,0
Ana_Sofia_Gomez_Gonzalez,Santiago,31,2
Eduardo_Paula_Hernandez_Ruiz,Santiago,31,0
Pedro_Javier_Perez_Hernandez,Talca,26,0
Lorena_Lucia_Sanz_Perez,Santiago,47,1
Maria_Valentina_Gomez_Garcia,Iquique,56,1
Camila_Ana_Gonzalez_Martinez,Santiago,26,0
Juan_Miguel_Lopez_Zapata,Coquimbo,26,-1
Pedro_Alejandro_Hernandez_Gonzalez,Santiago,49,0
Maria_Carolina_Lopez_Perez,Talca,58,1
Lorena_Miguel_Gonzalez_Zapata,Linares,61,4
Roberto_Maria_Hernandez_Garcia,Iquique,0,1
Miguel_Marta_Gonzalez_Gonzalez,Santiago,32,2
Carolina_Javier_Garcia_Garcia,Rancagua,21,0
Eduardo_Maria_Garcia_Zapata,Coquimbo,15,1
Ana_Lorena_Gonzalez_Zapata,Santiago,44,1
Roberto_Marta_Sanz_Gonzalez,Santiago,42,0
Ana_Maria_Jimenez_Ruiz,Curico,47,3
Sofia_Julia_Hernandez_Jimenez,Rancagua,36,1
Ana_Javier_Jimenez_Zapata,Santiago,13,0
Juan_Alejandro_Jimenez_Jimenez,Santiago,31,1
Ana_Luis_Zapata_Gomez,Santiago,53,2
Lorena_Juan_Sanz_Gomez,Calama,11,1
Julia_Luis_Gonzalez_Ruiz,Santiago,42,0
Roberto_Luis_Perez_Perez,Copiapo,10,-3
Roberto_Carlos_Gonzalez_Perez,Curico,44,0
Lorena_Paula_Hernandez_Gonzalez,Calama,4,3
Carolina_Diego_Ruiz_Jimenez,Copiapo,26,-1
Diego_Paula_Jimenez_Jimenez,Linares,43,6
Javier_Camila_Lopez_Gonzalez,Santiago,45,2
Juan_Sofia_Jimenez_Perez,Rancagua,23,1
Alejandro_Marta_Lopez_Gonzalez,Iquique,43,0
Sofia_Diego_Sanz_Gonzalez,Coquimbo,30,2
Miguel_Diego_Martinez_Perez,Valparaiso,26,0
Marta_Paula_Sanz_Zapata,Rancagua,17,-2
Juan_Camila_Jimenez_Sanz,Arica,50,-1
Javier_Diego_Gomez_Lopez,Santiago,50,4
Juan_Valentina_Gonzalez_Perez,Santiago,31,0
Julia_Miguel_Sanz_Gomez,Santiago,32,0
Camila_Lorena_Jimenez_Zapata,Curico,25,-1
Carlos_Marta_Perez_Lopez,Santiago,30,1
Valentina_Roberto_Sanz_Hernandez,Santiago,29,4
Roberto_Carlos_Gonzalez_Garcia,Curico,23,-1
Carlos_Luis_Hernandez_Hernandez,Santiago,33,1
Paula_Lucia_Jimenez_Gomez,Santiago,24,-2
Paula_Marta_Jimenez_Garcia,Linares,49,2
Maria_Ana_Zapata_Gomez,Santiago,39,0
Paula_Carolina_Martinez_Gonzalez,Coquimbo,28,3
Marta_Roberto_Gonzalez_Jimenez,Santiago,17,-1
Lorena_Lucia_Hernandez_Jimenez,Valparaiso,50,0
Luis_Carlos_Jimenez_Perez,Curico,22,4
Maria_Ana_Martinez_Gonzalez,Santiago,29,0
Paula_Eduardo_Perez_Sanz,Curico,22,2
Julia_Carolina_Lopez_Garcia,Calama,29,2
Lucia_Javier_Gonzalez_Hernandez,Santiago,38,1
Valentina_Javier_Martinez_Garcia,Iquique,28,4
Lucia_Valentina_Gonzalez_Jimenez,Curico,34,-2
Marta_Marta_Jimenez_Ruiz,Santiago,43,0
Eduardo_Paula_Perez_Sanz,Santiago,41,0
Luis_Eduardo_Gonzalez_Zapata,Iquique,42,0
Lorena_Javier_Gonzalez_Martinez,Santiago,28,0
Roberto_Diego_Martinez_Sanz,Calama,43,1
Maria_Pedro_Perez_Lopez,Santiago,70,0
Carlos_Carlos_Zapata_Zapata,Santiago,52,-2
Miguel_Maria_Perez_Lopez,Iquique,25,-1
Valentina_Luis_Gomez_Jimenez,Iquique,30,-1
Paula_Ana_Garcia_Lopez,Santiago,26,1
Juan_Carolina_Jimenez_Ruiz,Santiago,32,0
Eduardo_Javier_Gonzalez_Gonzalez,Valparaiso,56,3
Lorena_Valentina_Lopez_Ruiz,Santiago,27,0
Ana_Alejandro_Gonzalez_Garcia,Curico,34,1
Roberto_Juan_Perez_Hernandez,Linares,37,1
Juan_Lorena_Sanz_Sanz,Talca,30,3
Camila_Carolina_Jimenez_Jimenez,Arica,27,3
Lucia_Marta_Hernandez_Hernandez,Iquique,56,0
Julia_Sofia_Lopez_Gonzalez,Talca,16,1
Carlos_Carlos_Garcia_Zapata,Curico,33,1
Juan_Miguel_Gonzalez_Martinez,Curico,0,0
Miguel_Diego_Jimenez_Gonzalez,Iquique,36,5
Roberto_Carolina_Gonzalez_Perez,Santiago,45,-1
Roberto_Carlos_Gonzalez_Garcia,Santiago,14,-2
Eduardo_Lucia_Jimenez_Jimenez,Santiago,14,0
Javier_Valentina_Gonzalez_Gomez,Santiago,54,2
Eduardo_Lucia_Jimenez_Gonzalez,Copiapo,11,1
Maria_Alejandro_Lopez_Gomez,Santiago,20,0
Valentina_Miguel_Perez_Gonzalez,Iquique,32,0
Juan_Javier_Lopez_Gomez,Rancagua,18,1
Carlos_Valentina_Garcia_Ruiz,Santiago,22,0
Maria_Paula_Ruiz_Martinez,Linares,41,-2
Miguel_Roberto_Perez_Zapata,Valparaiso,43,1
Alejandro_Pedro_Sanz_Lopez,Santiago,30,-1
Alejandro_Maria_Lopez_Gonzalez,Curico,33,0
Marta_Ana_Gonzalez_Gonzalez,Iquique,23,-3
Maria_Paula_Garcia_Perez,Arica,27,-1
Sofia_Carolina_Ruiz_Jimenez,Santiago,42,1
Diego_Ana_Martinez_Gonzalez,Santiago,66,0
Diego_Eduardo_Gomez_Martinez,Curico,49,2
Eduardo_Lorena_Garcia_Garcia,Copiapo,36,0
Sofia_Paula_Jimenez_Garcia,Santiago,31,3
Pedro_Luis_Sanz_Martinez,Curico,12,1
Javier_Carolina_Zapata_Gonzalez,Santiago,45,1
Miguel_Diego_Perez_Lopez,Iquique,36,1
Carlos_Ana_Garcia_Sanz,Santiago,53,0
Miguel_Paula_Sanz_Martinez,Rancagua,33,2
Lorena_Luis_Martinez_Gonzalez,Iquique,37,0
Pedro_Roberto_Jimenez_Hernandez,Rancagua,55,5
Julia_Javier_Jimenez_Perez,Coquimbo,28,-2
Miguel_Ana_Lopez_Perez,Talca,35,3
Carlos_Sofia_Gonzalez_Perez,Copiapo,27,0
Eduardo_Sofia_Hernandez_Lopez,Valparaiso,30,0
Marta_Julia_Gonzalez_Gonzalez,Santiago,34,1
Sofia_Lucia_Gonzalez_Perez,Valparaiso,24,2
Ana_Maria_Zapata_Gomez,Santiago,33,4
Roberto_Valentina_Zapata_Hernandez,Talca,23,4
Luis_Lucia_Sanz_Jimenez,Santiago,24,-1
Juan_Pedro_Perez_Garcia,Arica,23,1
Carlos_Valentina_Gonzalez_Perez,Rancagua,48,-4
Valentina_Juan_Lopez_Sanz,Arica,37,0
Alejandro_Julia_Gonzalez_Lopez,Santiago,24,3
Lucia_Alejandro_Hernandez_Lopez,Talca,52,-1
Camila_Marta_Jimenez_Gonzalez,Calama,44,0
Valentina_Lucia_Gomez_Ruiz,Talca,49,0
Lorena_Diego_Gomez_Jimenez,Arica,45,-5
Javier_Ana_Garcia_Perez,Rancagua,28,0
Maria_Valentina_Garcia_Jimenez,Curico,35,-2
Diego_Sofia_Jimenez_Gomez,Copiapo,30,0
Roberto_Alejandro_Garcia_Ruiz,Curico,48,0
Paula_Diego_Gomez_Zapata,Santiago,53,-1
Ana_Ana_Gonzalez_Jimenez,Santiago,34,-2
Camila_Luis_Gonzalez_Ruiz,Santiago,30,4
Carolina_Julia_Jimenez_Sanz,Linares,45,-2
Juan_Carolina_Gomez_Jimenez,Santiago,36,0
Paula_Luis_Sanz_Gonzalez,Santiago,29,4
Diego_Lorena_Gonzalez_Perez,Santiago,30,0
Valentina_Luis_Perez_Jimenez,Coquimbo,43,0
Alejandro_Valentina_Martinez_Garcia,Curico,6,0
Carolina_Lorena_Perez_Ruiz,Valparaiso,36,1
Camila_Marta_Jimenez_Gonzalez,Iquique,11,2
Lucia_Alejandro_Jimenez_Gonzalez,Santiago,42,0
Marta_Roberto_Gomez_Ruiz,Santiago,24,-1
Julia_Maria_Lopez_Perez,Linares,46,0
Sofia_Carolina_Perez_Hernandez,Calama,24,0
Diego_Maria_Gomez_Garcia,Santiago,49,3
Miguel_Valentina_Lopez_Zapata,Calama,45,5
Juan_Pedro_Martinez_Gomez,Iquique,13,0
Julia_Roberto_Zapata_Gomez,Coquimbo,45,-1
Roberto_Eduardo_Martinez_Perez,Calama,45,0
Miguel_Pedro_Perez_Ruiz,Santiago,36,1
Ana_Roberto_Lopez_Sanz,Santiago,61,1
Valentina_Lorena_Gonzalez_Garcia,Coquimbo,38,2
Roberto_Lorena_Ruiz_Ruiz,Santiago,33,3
Camila_Diego_Gonzalez_Martinez,Santiago,29,-3
Sofia_Eduardo_Martinez_Gonzalez,Rancagua,59,0
Ana_Lorena_Hernandez_Ruiz,Santiago,13,0
Carlos_Lucia_Gomez_Lopez,Curico,32,0
Roberto_Julia_Garcia_Perez,Iquique,31,1
Julia_Juan_Gonzalez_Ruiz,Santiago,32,0
Carolina_Maria_Jimenez_Lopez,Curico,20,1
Eduardo_Javier_Ruiz_Ruiz,Arica,25,1
Javier_Maria_Gonzalez_Perez,Santiago,53,-2
Julia_Julia_Jimenez_Martinez,Santiago,39,0
Ana_Camila_Gonzalez_Jimenez,Santiago,31,0
Marta_Juan_Perez_Jimenez,Santiago,22,0
Diego_Maria_Hernandez_Gomez,Valparaiso,19,0
Camila_Lucia_Sanz_Gonzalez,Valparaiso,49,-2
Valentina_Pedro_Gomez_Gonzalez,Santiago,4,4
Julia_Paula_Zapata_Ruiz,Rancagua,28,-1
Roberto_Carolina_Gonzalez_Zapata,Arica,65,-1
Carolina_Miguel_Martinez_Ruiz,Curico,38,1
Miguel_Ana_Ruiz_Jimenez,Iquique,55,0
Ana_Paula_Lopez_Perez,Iquique,29,-1
Lorena_Lorena_Lopez_Perez,Iquique,44,0
Marta_Carlos_Sanz_Hernandez,Santiago,62,-2
Paula_Lorena_Gonzalez_Jimenez,Santiago,42,3
Miguel_Marta_Perez_Martinez,Arica,41,1
Valentina_Ana_Sanz_Gomez,Calama,53,0
Maria_Julia_Gonzalez_Ruiz,Santiago,43,1
Juan_Carlos_Garcia_Ruiz,Curico,31,1
Lorena_Marta_Ruiz_Gonzalez,Talca,36,-1
Juan_Juan_Lopez_Jimenez,Santiago,22,0
Miguel_Camila_Jimenez_Gonzalez,Valparaiso,50,1
Lucia_Valentina_Gonzalez_Perez,Santiago,29,2
Maria_Carlos_Gonzalez_Martinez,Iquique,31,1
Juan_Luis_Lopez_Garcia,Curico,29,1
Maria_Carolina_Gonzalez_Jimenez,Santiago,33,-4
Lucia_Carlos_Ruiz_Perez,Santiago,36,1
Paula_Lucia_Jimenez_Zapata,Calama,55,-2
Luis_Eduardo_Martinez_Gonzalez,Rancagua,2,3
Alejandro_Lucia_Gomez_Gomez,Curico,30,1
Carolina_Julia_Jimenez_Gonzalez,Rancagua,43,3
Lucia_Carolina_Lopez_Lopez,Santiago,75,-1
Lorena_Carlos_Jimenez_Zapata,Linares,0,-2
Julia_Camila_Perez_Sanz,Santiago,19,3
Lucia_Alejandro_Zapata_Gonzalez,Talca,29,2
Luis_Sofia_Martinez_Hernandez,Santiago,19,0
Roberto_Carolina_Zapata_Ruiz,Talca,39,0
Marta_Miguel_Zapata_Gonzalez,Calama,28,-1
Miguel_Diego_Jimenez_Perez,Santiago,37,4
Luis_Javier_Perez_Garcia,Santiago,33,1
Lorena_Valentina_Zapata_Gonzalez,Rancagua,22,-2
Eduardo_Maria_Jimenez_Sanz,Curico,35,0
Alejandro_Marta_Sanz_Gomez,Talca,41,0
Alejandro_Roberto_Gonzalez_Jimenez,Curico,45,0
Julia_Valentina_Gomez_Sanz,Valparaiso,36,1
Diego_Julia_Lopez_Zapata,Coquimbo,36,1
Eduardo_Diego_Gonzalez_Hernandez,Iquique,62,1
Sofia_Sofia_Martinez_Jimenez,Santiago,35,0
Luis_Sofia_Zapata_Garcia,Santiago,20,1
Maria_Javier_Gomez_Garcia,Santiago,17,0
Marta_Pedro_Jimenez_Sanz,Santiago,45,2
Diego_Eduardo_Perez_Gomez,Talca,32,0
Diego_Julia_Gonzalez_Gonzalez,Arica,17,3
Lorena_Julia_Hernandez_Hernandez,Iquique,46,0
Luis_Miguel_Garcia_Gonzalez,Santiago,25,1
Diego_Valentina_Gonzalez_Gonzalez,Curico,20,0
Alejandro_Camila_Sanz_Gonzalez,Rancagua,-5,3
Eduardo_Camila_Gomez_Ruiz,Arica,26,1
Roberto_Pedro_Martinez_Gonzalez,Santiago,66,3
Maria_Lorena_Hernandez_Zapata,Santiago,32,3
Maria_Carlos_Garcia_Jimenez,Santiago,16,0
Valentina_Paula_Gomez_Sanz,Santiago,41,5
Lorena_Julia_Jimenez_Gonzalez,Santiago,39,-3
Miguel_Sofia_Gonzalez_Jimenez,Linares,25,1
Marta_Sofia_Perez_Gonzalez,Iquique,13,2
Camila_Lorena_Hernandez_Gonzalez,Santiago,18,0
Marta_Marta_Jimenez_Gonzalez,Iquique,34,-2
Miguel_Marta_Martinez_Sanz,Santiago,47,0
Roberto_Miguel_Ruiz_Perez,Linares,-2,0
Paula_Javier_Jimenez_Gonzalez,Arica,34,0
Camila_Miguel_Jimenez_Hernandez,Santiago,25,-1
Juan_Pedro_Martinez_Hernandez,Santiago,50,0
Ana_Carlos_Jimenez_Perez,Santiago,17,-3
Javier_Carolina_Hernandez_Gomez,Santiago,41,-2
Juan_Juan_Hernandez_Perez,Coquimbo,28,0
Carlos_Alejandro_Gonzalez_Zapata,Curico,52,0
Juan_Miguel_Hernandez_Garcia,Talca,46,2
Maria_Juan_Hernandez_Hernandez,Valparaiso,31,0
Julia_Camila_Jimenez_Jimenez,Coquimbo,30,0
Carlos_Alejandro_Perez_Zapata,Santiago,29,0
Carolina_Carlos_Gomez_Gonzalez,Arica,31,0
Ana_Juan_Martinez_Perez,Valparaiso,25,-3
Lucia_Valentina_Sanz_Sanz,Santiago,52,0
Julia_Sofia_Ruiz_Ruiz,Arica,52,0
Diego_Luis_Lopez_Gonzalez,Santiago,21,1
Miguel_Luis_Hernandez_Ruiz,Talca,37,1
Eduardo_Paula_Jimenez_Jimenez,Santiago,29,0
Juan_Marta_Gonzalez_Ruiz,Santiago,20,2
Ana_Carlos_Hernandez_Jimenez,Santiago,27,0
Carolina_Carlos_Lopez_Martinez,Santiago,34,0
Julia_Roberto_Jimenez_Gonzalez,Curico,67,1
Diego_Juan_Gonzalez_Gomez,Santiago,21,1
Juan_Eduardo_Gonzalez_Gomez,Santiago,18,3
Roberto_Carlos_Gonzalez_Jimenez,Rancagua,28,0
Marta_Sofia_Perez_Garcia,Santiago,39,3
Miguel_Camila_Gonzalez_Gonzalez,Santiago,15,0
Marta_Paula_Lopez_Gomez,Santiago,23,0
Carolina_Eduardo_Jimenez_Jimenez,Santiago,28,0
Eduardo_Carlos_Ruiz_Gonzalez,Talca,19,0
Pedro_Alejandro_Martinez_Ruiz,Santiago,10,2
Javier_Roberto_Hernandez_Lopez,Rancagua,33,0
Paula_Julia_Martinez_Ruiz,Santiago,38,3
Diego_Lorena_Ruiz_Zapata,Coquimbo,38,1
Javier_Carolina_Gomez_Sanz,Santiago,60,-1
Paula_Julia_Zapata_Gomez,Copiapo,21,0
Pedro_Paula_Perez_Garcia,Valparaiso,28,3
Roberto_Lorena_Gonzalez_Jimenez,Santiago,33,0
Lorena_Valentina_Zapata_Martinez,Iquique,31,0
Pedro_Sofia_Sanz_Lopez,Curico,43,2
Paula_Marta_Garcia_Hernandez,Valparaiso,39,0
Alejandro_Carolina_Gomez_Hernandez,Coquimbo,20,0
Lucia_Eduardo_Gonzalez_Gonzalez,Calama,20,2
Diego_Carolina_Gonzalez_Ruiz,Santiago,33,3
Julia_Paula_Perez_Hernandez,Iquique,10,0
Diego_Carolina_Ruiz_Garcia,Arica,20,0
Miguel_Camila_Perez_Lopez,Copiapo,56,3
Diego_Miguel_Ruiz_Perez,Curico,37,4
Sofia_Miguel_Zapata_Lopez,Santiago,19,2
Eduardo_Luis_Hernandez_Perez,Santiago,48,0
Roberto_Ana_Ruiz_Gonzalez,Santiago,32,1
Lucia_Diego_Sanz_Garcia,Copiapo,52,-1
Sofia_Valentina_Gonzalez_Zapata,Arica,30,-1
Juan_Camila_Ruiz_Gonzalez,Santiago,33,0
Eduardo_Ana_Ruiz_Gonzalez,Santiago,22,1
Marta_Maria_Jimenez_Perez,Iquique,41,0
Diego_Valentina_Jimenez_Zapata,Santiago,16,2
Valentina_Eduardo_Zapata_Hernandez,Iquique,37,0
Paula_Sofia_Ruiz_Martinez,Santiago,35,-3
Luis_Carolina_Jimenez_Zapata,Santiago,38,0
Lorena_Eduardo_Gonzalez_Zapata,Iquique,25,-3
Juan_Roberto_Lopez_Gonzalez,Valparaiso,14,3
Carolina_Juan_Gonzalez_Sanz,Santiago,23,0
Carolina_Eduardo_Perez_Hernandez,Santiago,57,2
Juan_Alejandro_Jimenez_Zapata,Santiago,57,3
Lucia_Julia_Sanz_Zapata,Curico,41,-1
Lorena_Paula_Gonzalez_Lopez,Curico,37,-2
Paula_Carlos_Gonzalez_Hernandez,Santiago,18,3
Juan_Valentina_Jimenez_Zapata,Iquique,30,3
Paula_Camila_Martinez_Ruiz,Santiago,11,2
Ana_Alejandro_Hernandez_Sanz,Talca,55,3
Diego_Sofia_Sanz_Gonzalez,Santiago,33,1
Lucia_Eduardo_Zapata_Jimenez,Curico,41,1
Valentina_Pedro_Sanz_Martinez,Talca,14,1
Ana_Pedro_Hernandez_Gonzalez,Curico,9,1
Lucia_Ana_Zapata_Gonzalez,Santiago,22,2
Pedro_Diego_Hernandez_Sanz,Santiago,21,3
Diego_Marta_Sanz_Zapata,Arica,12,3
Javier_Marta_Jimenez_Martinez,Santiago,58,2
Julia_Maria_Garcia_Hernandez,Coquimbo,51,0
Julia_Maria_Jimenez_Zapata,Calama,50,0
Camila_Eduardo_Hernandez_Sanz,Santiago,35,2
Eduardo_Alejandro_Gonzalez_Gonzalez,Curico,38,2
Ana_Alejandro_Lopez_Sanz,Curico,-9,-1
Valentina_Luis_Jimenez_Zapata,Santiago,49,1
Diego_Carlos_Gonzalez_Garcia,Iquique,21,0
Roberto_Javier_Ruiz_Ruiz,Iquique,13,0
Diego_Lucia_Gomez_Hernandez,Santiago,34,2
Pedro_Alejandro_Gonzalez_Lopez,Curico,33,0
Ana_Ana_Martinez_Lopez,Valparaiso,52,2
Juan_Valentina_Garcia_Ruiz,Santiago,23,-3
Pedro_Eduardo_Garcia_Garcia,Valparaiso,29,2
Julia_Carlos_Zapata_Jimenez,Iquique,11,1
Javier_Juan_Perez_Jimenez,Arica,28,4
Paula_Luis_Hernandez_Jimenez,Coquimbo,61,2
Miguel_Valentina_Hernandez_Jimenez,Santiago,30,2
Camila_Lorena_Hernandez_Zapata,Linares,25,2
Valentina_Miguel_Gonzalez_Perez,Iquique,21,-1
Ana_Valentina_Hernandez_Hernandez,Iquique,51,3
Roberto_Lucia_Martinez_Lopez,Santiago,25,-1
Luis_Lucia_Jimenez_Jimenez,Santiago,33,-1
Javier_Julia_Gonzalez_Gonzalez,Santiago,26,1
Maria_Lorena_Perez_Gomez,Curico,32,0
Valentina_Javier_Hernandez_Hernandez,Calama,32,0
Javier_Carlos_Sanz_Hernandez,Valparaiso,20,1
Miguel_Roberto_Jimenez_Lopez,Rancagua,39,1
Diego_Eduardo_Lopez_Gomez,Santiago,48,-5
Sofia_Marta_Jimenez_Jimenez,Santiago,8,0
Paula_Pedro_Hernandez_Jimenez,Iquique,39,3
Luis_Carolina_Gonzalez_Ruiz,Curico,35,2
Ana_Carlos_Perez_Martinez,Iquique,52,-1
Eduardo_Juan_Jimenez_Ruiz,Santiago,50,2
Alejandro_Carolina_Zapata_Zapata,Santiago,28,-1
Carolina_Maria_Gonzalez_Hernandez,Curico,36,-2
Roberto_Roberto_Gonzalez_Zapata,Talca,15,1
Lucia_Marta_Perez_Gomez,Santiago,20,-1
Juan_Paula_Jimenez_Gonzalez,Santiago,34,0
Sofia_Sofia_Jimenez_Jimenez,Santiago,30,0
Lorena_Maria_Sanz_Jimenez,Copiapo,34,0
Luis_Juan_Perez_Zapata,Santiago,23,0
Luis_Paula_Gonzalez_Perez,Santiago,-21,0
Sofia_Diego_Gonzalez_Martinez,Curico,33,2
Roberto_Juan_Sanz_Jimenez,Santiago,18,1
Lorena_Valentina_Jimenez_Perez,Santiago,53,-1
Camila_Maria_Gomez_Gomez,Santiago,-6,2
Paula_Maria_Gonzalez_Sanz,Santiago,47,1
Camila_Carolina_Gonzalez_Perez,Curico,0,0
Pedro_Pedro_Gonzalez_Ruiz,Arica,42,3
Luis_Luis_Gonzalez_Martinez,Calama,61,1
Roberto_Valentina_Garcia_Gonzalez,Curico,28,3
Ana_Lorena_Martinez_Martinez,Curico,21,1
Carlos_Maria_Garcia_Zapata,Iquique,21,0
Maria_Sofia_Perez_Jimenez,Rancagua,45,-1
Javier_Carlos_Gonzalez_Gonzalez,Arica,45,0
Carolina_Camila_Gonzalez_Gonzalez,Santiago,23,-2
Carlos_Lucia_Gonzalez_Martinez,Santiago,52,3
Lucia_Juan_Lopez_Sanz,Curico,16,0
Roberto_Julia_Martinez_Perez,Curico,31,1
Eduardo_Alejandro_Martinez_Jimenez,Valparaiso,11,4
Camila_Juan_Gomez_Hernandez,Talca,22,0
Camila_Carlos_Lopez_Gomez,Rancagua,13,2
Sofia_Juan_Garcia_Gonzalez,Santiago,35,2
Eduardo_Camila_Lopez_Lopez,Copiapo,54,-2
Diego_Paula_Hernandez_Garcia,Calama,12,-1
Roberto_Pedro_Jimenez_Gonzalez,Arica,31,3
Lorena_Pedro_Garcia_Gomez,Santiago,34,1
Miguel_Alejandro_Perez_Lopez,Talca,48,0
Luis_Sofia_Garcia_Perez,Iquique,36,0
Pedro_Valentina_Lopez_Gonzalez,Santiago,45,-1
Javier_Miguel_Jimenez_Perez,Santiago,49,0
Javier_Diego_Jimenez_Ruiz,Arica,21,-2
Marta_Roberto_Jimenez_Martinez,Curico,25,-1
Valentina_Lorena_Perez_Hernandez,Santiago,46,0
Alejandro_Luis_Gomez_Jimenez,Iquique,31,-3
Roberto_Lorena_Lopez_Lopez,Calama,15,1
Sofia_Juan_Hernandez_Sanz,Curico,59,3
Maria_Maria_Jimenez_Gomez,Santiago,57,4
Eduardo_Carolina_Garcia_Perez,Santiago,22,2
Luis_Valentina_Perez_Jimenez,Curico,37,0
Lorena_Marta_Hernandez_Garcia,Santiago,44,-1
Maria_Carlos_Lopez_Zapata,Rancagua,21,1
Sofia_Pedro_Lopez_Sanz,Santiago,37,2
Alejandro_Juan_Sanz_Perez,Curico,20,0
Diego_Juan_Garcia_Gonzalez,Iquique,4,0
Pedro_Diego_Sanz_Sanz,Arica,48,5
Lorena_Pedro_Sanz_Perez,Talca,24,0
Diego_Lucia_Perez_Hernandez,Santiago,29,-1
Marta_Pedro_Gonzalez_Ruiz,Calama,13,6
Roberto_Ana_Ruiz_Gonzalez,Calama,32,2
Luis_Lorena_Lopez_Gonzalez,Iquique,20,1
Ana_Lorena_Garcia_Jimenez,Calama,27,0
Sofia_Lucia_Lopez_Perez,Santiago,43,0
Lucia_Eduardo_Garcia_Lopez,Iquique,62,0
Ana_Paula_Gonzalez_Lopez,Santiago,31,2
Sofia_Ana_Sanz_Martinez,Santiago,42,-1
Maria_Pedro_Ruiz_Hernandez,Santiago,19,0
Juan_Diego_Hernandez_Garcia,Santiago,29,-4
Valentina_Pedro_Lopez_Jimenez,Santiago,18,1
Marta_Marta_Gonzalez_Ruiz,Arica,43,0
Alejandro_Paula_Jimenez_Sanz,Copiapo,30,-1
Lucia_Valentina_Martinez_Perez,Calama,23,0
Juan_Lorena_Gomez_Zapata,Santiago,52,-2
Maria_Lucia_Hernandez_Gonzalez,Coquimbo,31,2
Marta_Javier_Garcia_Martinez,Santiago,21,-1
Javier_Roberto_Gonzalez_Gomez,Santiago,69,0
Miguel_Roberto_Gomez_Hernandez,Santiago,10,0
Carlos_Maria_Gomez_Hernandez,Santiago,38,-3
Juan_Carolina_Gonzalez_Gomez,Valparaiso,52,-1
Javier_Julia_Zapata_Jimenez,Santiago,44,2
Pedro_Lorena_Ruiz_Perez,Santiago,32,-2
Valentina_Julia_Ruiz_Sanz,Santiago,41,6
Valentina_Carolina_Ruiz_Lopez,Santiago,51,3
Diego_Carlos_Lopez_Gomez,Valparaiso,21,3
Ana_Sofia_Zapata_Gomez,Calama,43,-1
Juan_Maria_Perez_Jimenez,Rancagua,57,-2
Eduardo_Ana_Ruiz_Ruiz,Rancagua,10,1
Sofia_Javier_Hernandez_Gonzalez,Calama,64,1
Eduardo_Javier_Zapata_Gomez,Coquimbo,22,-3
Lucia_Juan_Lopez_Perez,Rancagua,46,0
Paula_Paula_Jimenez_Zapata,Rancagua,38,2
Juan_Sofia_Hernandez_Ruiz,Iquique,9,0
Ana_Carlos_Jimenez_Jimenez,Valparaiso,17,0
Camila_Carolina_Sanz_Sanz,Coquimbo,51,-2
Camila_Pedro_Garcia_Gonzalez,Santiago,42,0
Roberto_Valentina_Gomez_Ruiz,Santiago,32,0
Ana_Sofia_Gonzalez_Zapata,Santiago,23,0
Lorena_Valentina_Zapata_Perez,Santiago,54,3
Marta_Juan_Jimenez_Zapata,Valparaiso,51,3
Valentina_Camila_Perez_Zapata,Linares,27,2
Lorena_Miguel_Garcia_Sanz,Valparaiso,37,2
Maria_Lucia_Sanz_Lopez,Santiago,27,1
Pedro_Alejandro_Perez_Ruiz,Iquique,45,0
Valentina_Pedro_Gonzalez_Jimenez,Iquique,-26,0
Julia_Maria_Sanz_Sanz,Curico,41,-1
Paula_Lorena_Gonzalez_Gomez,Curico,21,0
Alejandro_Carolina_Martinez_Garcia,Santiago,27,0
Julia_Camila_Sanz_Hernandez,Coquimbo,41,3
Carlos_Eduardo_Martinez_Hernandez,Santiago,12,3
Valentina_Ana_Martinez_Garcia,Copiapo,36,-3
Roberto_Paula_Sanz_Lopez,Copiapo,17,-3
Maria_Luis_Martinez_Hernandez,Linares,21,-1
Lorena_Marta_Sanz_Hernandez,Rancagua,49,0
Valentina_Javier_Jimenez_Hernandez,Rancagua,49,3
Lucia_Miguel_Gonzalez_Perez,Rancagua,48,0
Eduardo_Miguel_Lopez_Hernandez,Calama,36,-3
Lorena_Roberto_Garcia_Zapata,Santiago,17,1
Lorena_Luis_Gomez_Hernandez,Santiago,31,1
Roberto_Javier_Martinez_Zapata,Santiago,17,1
Pedro_Ana_Sanz_Perez,Santiago,46,2
Paula_Marta_Ruiz_Hernandez,Santiago,31,-1
Paula_Alejandro_Perez_Gomez,Linares,34,2
Diego_Ana_Ruiz_Sanz,Rancagua,41,-1
Pedro_Valentina_Perez_Garcia,Santiago,43,0
Valentina_Juan_Gonzalez_Jimenez,Santiago,27,-1
Carlos_Lorena_Garcia_Hernandez,Santiago,42,0
Ana_Camila_Zapata_Ruiz,Santiago,39,2
Carlos_Carlos_Gomez_Gonzalez,Santiago,40,3
Pedro_Eduardo_Zapata_Jimenez,Curico,48,0
Alejandro_Marta_Martinez_Sanz,Arica,10,4
Lorena_Camila_Perez_Lopez,Santiago,55,0
Paula_Julia_Zapata_Sanz,Iquique,3,0
Alejandro_Ana_Lopez_Gonzalez,Curico,27,2
Carolina_Miguel_Gonzalez_Gonzalez,Santiago,31,3
Alejandro_Lucia_Garcia_Jimenez,Santiago,40,0
Ana_Sofia_Sanz_Gomez,Santiago,46,0
Maria_Ana_Jimenez_Lopez,Santiago,29,0
Maria_Javier_Jimenez_Lopez,Santiago,56,3
Pedro_Luis_Hernandez_Gonzalez,Arica,36,-1
Paula_Miguel_Garcia_Ruiz,Santiago,50,1
Juan_Eduardo_Gomez_Hernandez,Santiago,34,0
Roberto_Eduardo_Sanz_Ruiz,Curico,3,-1
Ana_Sofia_Jimenez_Gomez,Santiago,45,0
Roberto_Sofia_Zapata_Gomez,Curico,78,0
Luis_Roberto_Ruiz_Gonzalez,Santiago,49,2
Lorena_Sofia_Zapata_Jimenez,Curico,-9,0
Miguel_Eduardo_Sanz_Garcia,Santiago,48,-1
Carlos_Marta_Hernandez_Ruiz,Santiago,37,1
Lorena_Camila_Jimenez_Ruiz,Santiago,34,2
Javier_Julia_Sanz_Jimenez,Rancagua,37,0
Marta_Ana_Perez_Garcia,Santiago,46,3
Marta_Roberto_Hernandez_Jimenez,Curico,16,3
Lucia_Javier_Ruiz_Hernandez,Santiago,22,7
Julia_Diego_Sanz_Jimenez,Linares,38,-1
Valentina_Sofia_Lopez_Garcia,Santiago,69,4
Sofia_Sofia_Jimenez_Garcia,Arica,33,-1
Carlos_Eduardo_Jimenez_Jimenez,Santiago,34,0
Valentina_Sofia_Sanz_Sanz,Santiago,42,1
Lorena_Julia_Sanz_Garcia,Curico,84,3
Ana_Carlos_Ruiz_Sanz,Curico,48,3
Luis_Carolina_Gomez_Gomez,Calama,25,3
Camila_Diego_Sanz_Jimenez,Santiago,43,3
Luis_Miguel_Gonzalez_Gonzalez,Iquique,10,3
Carlos_Miguel_Gomez_Jimenez,Iquique,9,0
Marta_Lorena_Gomez_Garcia,Valparaiso,15,0
Sofia_Miguel_Ruiz_Gonzalez,Coquimbo,54,0
Lucia_Juan_Jimenez_Jimenez,Iquique,34,0
Lucia_Miguel_Gomez_Perez,Linares,44,0
Lorena_Miguel_Jimenez_Gomez,Arica,73,0
Marta_Maria_Gonzalez_Hernandez,Santiago,48,0
Julia_Diego_Sanz_Jimenez,Valparaiso,38,2
Eduardo_Eduardo_Lopez_Ruiz,Santiago,64,2
Camila_Pedro_Hernandez_Hernandez,Valparaiso,32,4
Ana_Sofia_Martinez_Gomez,Santiago,49,-1
Lorena_Diego_Zapata_Perez,Santiago,26,1
Lucia_Carolina_Perez_Jimenez,Santiago,44,0
Carlos_Roberto_Gonzalez_Gonzalez,Talca,49,2
Eduardo_Miguel_Perez_Perez,Arica,43,3
Juan_Alejandro_Hernandez_Perez,Santiago,28,0
Carolina_Carlos_Gonzalez_Martinez,Curico,9,0
Sofia_Paula_Perez_Zapata,Curico,16,0
Alejandro_Juan_Sanz_Lopez,Santiago,25,2
Marta_Carlos_Martinez_Gonzalez,Valparaiso,22,0
Roberto_Sofia_Jimenez_Zapata,Santiago,48,1
Pedro_Alejandro_Hernandez_Gonzalez,Santiago,34,5
Paula_Alejandro_Gonzalez_Martinez,Santiago,43,0
Paula_Ana_Gonzalez_Martinez,Iquique,40,1
Marta_Luis_Sanz_Gonzalez,Iquique,53,2
Carolina_Alejandro_Garcia_Jimenez,Rancagua,13,-2
Lorena_Camila_Jimenez_Garcia,Santiago,32,2
Ana_Eduardo_Sanz_Martinez,Santiago,46,1
Javier_Luis_Gonzalez_Ruiz,Santiago,28,-2
Paula_Juan_Perez_Sanz,Curico,19,0
Lorena_Miguel_Hernandez_Lopez,Curico,27,1
Javier_Paula_Hernandez_Zapata,Santiago,21,0
Sofia_Maria_Jimenez_Jimenez,Santiago,21,0
Lorena_Alejandro_Gonzalez_Gonzalez,Santiago,30,0
Pedro_Juan_Gonzalez_Gonzalez,Arica,50,0
Carolina_Miguel_Sanz_Ruiz,Santiago,23,1
Carolina_Sofia_Gomez_Hernandez,Santiago,40,3
Julia_Juan_Jimenez_Zapata,Valparaiso,45,0
Ana_Javier_Martinez_Lopez,Talca,57,-1
Lorena_Lucia_Gonzalez_Jimenez,Valparaiso,24,-1
Valentina_Carolina_Martinez_Martinez,Santiago,29,0
Juan_Roberto_Jimenez_Garcia,Rancagua,52,0
Roberto_Alejandro_Zapata_Zapata,Valparaiso,19,0
Paula_Miguel_Sanz_Gonzalez,Iquique,30,1
Marta_Alejandro_Gonzalez_Gonzalez,Arica,26,5
Miguel_Marta_Sanz_Zapata,Santiago,16,0
Eduardo_Sofia_Gomez_Zapata,Arica,9,0
Alejandro_Ana_Gonzalez_Jimenez,Coquimbo,5,2
Lucia_Eduardo_Jimenez_Lopez,Valparaiso,37,0
Camila_Paula_Ruiz_Zapata,Santiago,48,0
Carolina_Roberto_Perez_Jimenez,Talca,34,-2
Lucia_Julia_Hernandez_Jimenez,Rancagua,26,3
Diego_Miguel_Lopez_Zapata,Rancagua,44,2
Carolina_Juan_Gomez_Jimenez,Santiago,28,1
Marta_Paula_Martinez_Jimenez,Santiago,22,2
Luis_Juan_Sanz_Gonzalez,Coquimbo,52,3
Eduardo_Paula_Gonzalez_Jimenez,Santiago,27,0
Camila_Roberto_Perez_Garcia,Calama,42,2
Miguel_Ana_Jimenez_Hernandez,Santiago,51,2
Julia_Ana_Perez_Zapata,Valparaiso,30,0
Miguel_Juan_Sanz_Gonzalez,Iquique,30,2
Eduardo_Paula_Perez_Garcia,Arica,32,1
Diego_Camila_Gonzalez_Jimenez,Talca,55,2
Julia_Javier_Gomez_Garcia,Santiago,43,1
Alejandro_Paula_Perez_Garcia,Santiago,22,2
Lucia_Julia_Lopez_Ruiz,Santiago,33,1
Marta_Diego_Martinez_Jimenez,Iquique,6,0
Sofia_Roberto_Gomez_Garcia,Calama,43,1
Carlos_Roberto_Gomez_Martinez,Santiago,35,0
Sofia_Lorena_Ruiz_Garcia,Valparaiso,40,0
Maria_Maria_Gonzalez_Zapata,Talca,23,-1
Pedro_Marta_Sanz_Jimenez,Talca,39,1
Eduardo_Luis_Martinez_Hernandez,Linares,51,0
Marta_Sofia_Zapata_Martinez,Iquique,41,0
Pedro_Marta_Gomez_Garcia,Iquique,36,-1
Alejandro_Lorena_Gomez_Sanz,Talca,26,-1
Lorena_Paula_Gonzalez_Martinez,Copiapo,30,2
Valentina_Diego_Garcia_Zapata,Santiago,38,3
Maria_Carlos_Gonzalez_Sanz,Rancagua,43,-2
Eduardo_Carolina_Hernandez_Lopez,Iquique,29,3
Juan_Lucia_Sanz_Hernandez,Santiago,48,-6
Diego_Ana_Lopez_Zapata,Iquique,23,1
Diego_Lorena_Jimenez_Jimenez,Curico,43,3
Julia_Sofia_Jimenez_Martinez,Santiago,52,-1
Pedro_Sofia_Zapata_Jimenez,Santiago,24,2
Paula_Sofia_Jimenez_Hernandez,Valparaiso,36,4
Eduardo_Diego_Hernandez_Sanz,Copiapo,41,0
Luis_Paula_Lopez_Hernandez,Talca,20,2
Pedro_Julia_Gonzalez_Jimenez,Coquimbo,34,5
Roberto_Alejandro_Lopez_Perez,Rancagua,6,0
Diego_Camila_Sanz_Perez,Linares,34,1
Julia_Pedro_Martinez_Sanz,Santiago,28,0
Pedro_Roberto_Perez_Hernandez,Arica,38,0
Javier_Roberto_Jimenez_Gonzalez,Arica,51,2
Diego_Lucia_Jimenez_Ruiz,Talca,22,0
Diego_Roberto_Zapata_Hernandez,Santiago,22,3
Maria_Luis_Hernandez_Gomez,Copiapo,37,3
Juan_Paula_Zapata_Ruiz,Calama,35,1
Marta_Eduardo_Perez_Gonzalez,Calama,32,1
Marta_Julia_Garcia_Gomez,Iquique,52,1
Lorena_Alejandro_Jimenez_Martinez,Santiago,35,3
Lucia_Luis_Martinez_Martinez,Talca,53,0
Roberto_Sofia_Zapata_Gonzalez,Santiago,25,0
Roberto_Juan_Gonzalez_Gonzalez,Curico,44,2
Carolina_Lorena_Gomez_Perez,Coquimbo,23,2
Paula_Eduardo_Zapata_Garcia,Santiago,59,-2
Camila_Pedro_Gonzalez_Zapata,Curico,26,2
Javier_Alejandro_Hernandez_Gomez,Santiago,23,3
Marta_Javier_Gonzalez_Garcia,Iquique,37,4
Valentina_Marta_Garcia_Gomez,Santiago,45,5
Diego_Pedro_Zapata_Garcia,Santiago,-15,1
Alejandro_Carolina_Lopez_Martinez,Iquique,23,3
Lucia_Luis_Zapata_Perez,Santiago,49,0
Julia_Javier_Gonzalez_Sanz,Santiago,43,-2
Eduardo_Ana_Lopez_Sanz,Santiago,55,3
Alejandro_Ana_Jimenez_Ruiz,Santiago,64,-2
Marta_Valentina_Zapata_Lopez,Valparaiso,30,4
Miguel_Lorena_Sanz_Gomez,Curico,44,0
Pedro_Julia_Lopez_Sanz,Santiago,48,0
Paula_Julia_Zapata_Perez,Rancagua,34,2
Carlos_Miguel_Gonzalez_Gonzalez,Santiago,44,3
Marta_Roberto_Martinez_Gomez,Arica,37,2
Marta_Miguel_Gonzalez_Gonzalez,Arica,50,1
Marta_Sofia_Jimenez_Ruiz,Talca,22,0
Miguel_Paula_Hernandez_Gomez,Santiago,42,0
Diego_Marta_Zapata_Gonzalez,Talca,12,2
Alejandro_Valentina_Sanz_Sanz,Santiago,31,1
Javier_Ana_Gomez_Gonzalez,Iquique,15,1
Sofia_Carolina_Jimenez_Zapata,Rancagua,38,2
Eduardo_Carolina_Zapata_Gonzalez,Calama,72,0
Julia_Ana_Garcia_Sanz,Rancagua,22,-4
Miguel_Maria_Martinez_Zapata,Santiago,43,3
Lorena_Miguel_Garcia_Zapata,Iquique,38,2
Eduardo_Camila_Jimenez_Gonzalez,Curico,44,1
Lucia_Alejandro_Martinez_Garcia,Santiago,23,2
Paula_Lucia_Perez_Zapata,Rancagua,14,2
Camila_Miguel_Sanz_Gomez,Calama,51,2
Luis_Paula_Perez_Sanz,Iquique,17,-2
Javier_Carolina_Gonzalez_Lopez,Calama,37,1
Camila_Luis_Sanz_Jimenez,Valparaiso,49,0
Miguel_Diego_Jimenez_Hernandez,Santiago,45,3
Lorena_Julia_Ruiz_Ruiz,Santiago,32,-1
Carolina_Luis_Jimenez_Sanz,Curico,48,-1
Juan_Julia_Perez_Lopez,Santiago,37,1
Eduardo_Pedro_Sanz_Jimenez,Santiago,37,1
Sofia_Luis_Garcia_Jimenez,Santiago,22,6
Lucia_Maria_Jimenez_Ruiz,Santiago,31,0
Marta_Luis_Garcia_Zapata,Santiago,41,2
Lorena_Roberto_Hernandez_Hernandez,Valparaiso,39,1
Luis_Julia_Ruiz_Hernandez,Santiago,51,0
Maria_Carolina_Sanz_Gonzalez,Iquique,44,0
Lucia_Diego_Hernandez_Perez,Rancagua,60,3
Eduardo_Javier_Hernandez_Garcia,Santiago,37,-1
Camila_Julia_Ruiz_Gonzalez,Santiago,34,0
Sofia_Maria_Gomez_Lopez,Santiago,21,0
Valentina_Camila_Gonzalez_Sanz,Copiapo,44,1
Juan_Lorena_Jimenez_Martinez,Iquique,26,-1
Alejandro_Carlos_Gomez_Perez,Arica,21,2
Miguel_Julia_Perez_Zapata,Rancagua,23,-1
Lucia_Eduardo_Jimenez_Garcia,Santiago,19,0
Juan_Roberto_Lopez_Jimenez,Santiago,34,0
Eduardo_Julia_Sanz_Ruiz,Valparaiso,50,-1
Luis_Carolina_Gomez_Gonzalez,Iquique,41,1
Juan_Sofia_Gomez_Lopez,Valparaiso,51,2
Camila_Ana_Gonzalez_Sanz,Santiago,41,2
Carolina_Eduardo_Sanz_Garcia,Curico,43,0
Diego_Eduardo_Zapata_Hernandez,Valparaiso,32,-2
Ana_Miguel_Zapata_Zapata,Copiapo,32,3
Luis_Julia_Gonzalez_Jimenez,Valparaiso,16,0
Carolina_Camila_Perez_Jimenez,Santiago,18,0
Eduardo_Lucia_Sanz_Garcia,Iquique,21,0
Marta_Miguel_Gonzalez_Gonzalez,Santiago,16,0
Ana_Lucia_Gonzalez_Hernandez,Talca,34,0
Carolina_Carlos_Gonzalez_Garcia,Santiago,8,5
Julia_Javier_Martinez_Zapata,Rancagua,15,0
Alejandro_Miguel_Sanz_Gomez,Curico,31,0
Camila_Paula_Garcia_Hernandez,Santiago,48,1
Lorena_Lucia_Zapata_Ruiz,Santiago,39,-1
Carolina_Julia_Ruiz_Lopez,Curico,17,3
Ana_Carlos_Jimenez_Jimenez,Iquique,33,2
Marta_Alejandro_Perez_Hernandez,Curico,49,2
Miguel_Carlos_Gonzalez_Jimenez,Santiago,20,1
Carolina_Maria_Gomez_Jimenez,Iquique,54,1
Luis_Sofia_Gonzalez_Gonzalez,Curico,26,-1
Juan_Carlos_Gomez_Jimenez,Curico,27,0
Javier_Camila_Jimenez_Lopez,Coquimbo,48,2
Lucia_Maria_Gomez_Lopez,Copiapo,67,2
Lucia_Juan_Perez_Gonzalez,Santiago,35,0
Marta_Sofia_Gomez_Ruiz,Talca,58,1
Diego_Alejandro_Gomez_Lopez,Iquique,37,-3
Javier_Eduardo_Hernandez_Perez,Santiago,42,1
Lorena_Javier_Jimenez_Perez,Santiago,47,4
Miguel_Carlos_Zapata_Zapata,Santiago,30,0
Lorena_Diego_Martinez_Gomez,Talca,43,0
Marta_Julia_Lopez_Jimenez,Santiago,36,0
Lorena_Luis_Garcia_Hernandez,Santiago,23,3
Maria_Camila_Ruiz_Perez,Santiago,21,1
Juan_Sofia_Perez_Jimenez,Rancagua,26,2
Sofia_Lucia_Perez_Perez,Copiapo,65,0
Miguel_Pedro_Jimenez_Gonzalez,Santiago,22,1
Alejandro_Julia_Perez_Lopez,Arica,46,3
Luis_Juan_Garcia_Garcia,Rancagua,43,1
Carlos_Pedro_Lopez_Zapata,Santiago,25,0
Miguel_Luis_Gonzalez_Hernandez,Santiago,33,0
Pedro_Paula_Zapata_Gomez,Iquique,38,0
Paula_Pedro_Jimenez_Sanz,Arica,42,1
Marta_Eduardo_Gomez_Jimenez,Curico,69,2
Roberto_Pedro_Jimenez_Ruiz,Iquique,43,-1
Sofia_Juan_Lopez_Jimenez,Talca,39,0
Maria_Diego_Garcia_Lopez,Santiago,13,0
Sofia_Diego_Gonzalez_Martinez,Copiapo,40,0
Carlos_Carlos_Garcia_Jimenez,Arica,51,-1
Valentina_Camila_Martinez_Zapata,Coquimbo,12,-1
Camila_Eduardo_Gonzalez_Gonzalez,Iquique,8,0
Sofia_Alejandro_Gonzalez_Gonzalez,Linares,54,2
Luis_Marta_Jimenez_Garcia,Rancagua,16,2
Pedro_Ana_Jimenez_Hernandez,Coquimbo,17,0
Lucia_Alejandro_Hernandez_Jimenez,Santiago,21,0
Miguel_Juan_Martinez_Jimenez,Santiago,69,0
Carlos_Juan_Gonzalez_Hernandez,Talca,29,0
Luis_Carlos_Martinez_Gonzalez,Santiago,4,0
Luis_Lorena_Sanz_Ruiz,Coquimbo,21,3
Roberto_Paula_Hernandez_Zapata,Santiago,30,0
Marta_Carolina_Gomez_Martinez,Valparaiso,19,2
Maria_Luis_Perez_Garcia,Curico,44,0
Lorena_Miguel_Jimenez_Hernandez,Santiago,46,0
Diego_Julia_Martinez_Gonzalez,Santiago,36,0
Alejandro_Javier_Ruiz_Garcia,Santiago,35,0
Juan_Carlos_Garcia_Martinez,Santiago,19,0
Sofia_Lorena_Lopez_Garcia,Iquique,55,-3
Julia_Ana_Jimenez_Ruiz,Curico,48,3
Camila_Roberto_Martinez_Sanz,Iquique,41,0
Ana_Lorena_Martinez_Martinez,Calama,44,0
Alejandro_Alejandro_Perez_Martinez,Talca,46,0
Paula_Lorena_Lopez_Gonzalez,Santiago,61,0
Eduardo_Miguel_Hernandez_Ruiz,Santiago,52,1
Roberto_Diego_Jimenez_Gomez,Santiago,15,4
Miguel_Camila_Gomez_Gonzalez,Linares,40,0
Ana_Eduardo_Perez_Jimenez,Calama,48,2
Carolina_Alejandro_Gonzalez_Jimenez,Santiago,41,0
Lucia_Javier_Jimenez_Sanz,Iquique,25,0
Maria_Miguel_Hernandez_Ruiz,Curico,32,0
Julia_Valentina_Martinez_Lopez,Santiago,32,2
Eduardo_Ana_Gonzalez_Garcia,Rancagua,54,-3
Paula_Diego_Jimenez_Gonzalez,Arica,72,3
Carolina_Sofia_Gonzalez_Lopez,Santiago,34,0
Diego_Pedro_Sanz_Jimenez,Santiago,11,-1
Valentina_Roberto_Martinez_Jimenez,Curico,45,0
Ana_Lorena_Gonzalez_Hernandez,Arica,13,3
Carlos_Miguel_Gonzalez_Zapata,Santiago,48,2
Juan_Eduardo_Sanz_Ruiz,Iquique,50,0
Lorena_Eduardo_Garcia_Hernandez,Santiago,31,0
Roberto_Roberto_Gonzalez_Sanz,Curico,19,-2
Paula_Roberto_Zapata_Gomez,Valparaiso,36,0
Ana_Miguel_Gonzalez_Perez,Coquimbo,39,2
Lucia_Miguel_Martinez_Ruiz,Santiago,20,4
Miguel_Carlos_Jimenez_Jimenez,Valparaiso,28,1
Eduardo_Lorena_Gonzalez_Martinez,Valparaiso,57,0
Alejandro_Lucia_Sanz_Garcia,Iquique,19,2
Ana_Juan_Ruiz_Gonzalez,Iquique,22,1
Carolina_Miguel_Gonzalez_Gonzalez,Copiapo,23,-4
Alejandro_Juan_Martinez_Garcia,Rancagua,29,-2
Camila_Eduardo_Hernandez_Lopez,Calama,24,1
Luis_Julia_Perez_Perez,Curico,21,1
Ana_Alejandro_Ruiz_Lopez,Santiago,43,-2
Pedro_Diego_Jimenez_Gonzalez,Santiago,35,0
Ana_Julia_Jimenez_Gonzalez,Arica,44,1
Valentina_Luis_Ruiz_Gonzalez,Talca,7,0
Alejandro_Carolina_Gomez_Sanz,Arica,31,0
Carlos_Ana_Martinez_Sanz,Rancagua,38,4
Lorena_Carlos_Lopez_Perez,Santiago,33,2
Julia_Alejandro_Gomez_Ruiz,Santiago,36,-1
Valentina_Lorena_Ruiz_Ruiz,Santiago,22,0
Ana_Maria_Gonzalez_Martinez,Rancagua,43,0
Lucia_Carlos_Sanz_Martinez,Calama,20,-3
Eduardo_Diego_Zapata_Lopez,Santiago,29,0
Pedro_Sofia_Hernandez_Lopez,Calama,24,2
Paula_Lucia_Zapata_Zapata,Santiago,50,0
Camila_Valentina_Gomez_Zapata,Talca,33,1
Javier_Pedro_Zapata_Lopez,Santiago,52,0
Alejandro_Marta_Ruiz_Gonzalez,Valparaiso,14,0
Sofia_Marta_Garcia_Jimenez,Coquimbo,34,-1
Julia_Luis_Jimenez_Perez,Rancagua,33,1
Maria_Luis_Zapata_Garcia,Calama,27,1
Valentina_Sofia_Sanz_Hernandez,Talca,27,2
Julia_Lucia_Lopez_Martinez,Curico,68,0
Miguel_Valentina_Zapata_Lopez,Linares,41,0
Lorena_Marta_Gonzalez_Lopez,Valparaiso,21,3
Luis_Javier_Zapata_Gonzalez,Copiapo,23,2
Lorena_Valentina_Jimenez_Gonzalez,Santiago,42,0
Paula_Luis_Perez_Gonzalez,Santiago,43,4
Eduardo_Diego_Martinez_Martinez,Talca,51,-3
Sofia_Paula_Perez_Jimenez,Arica,32,1
Marta_Miguel_Jimenez_Ruiz,Coquimbo,42,1
Pedro_Eduardo_Gonzalez_Gonzalez,Curico,35,1
Julia_Roberto_Perez_Zapata,Curico,42,0
Luis_Valentina_Martinez_Sanz,Arica,40,1
Miguel_Juan_Garcia_Garcia,Santiago,24,0
Camila_Javier_Jimenez_Gonzalez,Santiago,51,0
Eduardo_Ana_Hernandez_Jimenez,Santiago,40,0
Pedro_Maria_Gomez_Perez,Santiago,76,-1
Luis_Marta_Ruiz_Lopez,Santiago,29,-1
Eduardo_Valentina_Zapata_Perez,Iquique,51,0
Lucia_Maria_Perez_Jimenez,Valparaiso,25,0
Miguel_Marta_Perez_Martinez,Valparaiso,26,1
Juan_Sofia_Ruiz_Martinez,Santiago,22,4
Pedro_Lucia_Hernandez_Hernandez,Rancagua,24,0
Valentina_Lucia_Martinez_Perez,Iquique,29,0
Julia_Miguel_Sanz_Zapata,Iquique,31,2
Alejandro_Sofia_Perez_Martinez,Santiago,21,2
Valentina_Maria_Hernandez_Lopez,Valparaiso,36,2
Diego_Sofia_Lopez_Ruiz,Santiago,31,1
Javier_Sofia_Gonzalez_Jimenez,Rancagua,21,1
Luis_Carolina_Lopez_Martinez,Santiago,37,0
Roberto_Pedro_Gonzalez_Jimenez,Santiago,9,0
Lorena_Sofia_Jimenez_Zapata,Iquique,18,0
Lorena_Luis_Lopez_Perez,Curico,8,1
Carlos_Roberto_Lopez_Jimenez,Talca,33,3
Valentina_Diego_Sanz_Lopez,Santiago,34,1
Paula_Julia_Jimenez_Hernandez,Curico,40,1
Julia_Pedro_Zapata_Garcia,Rancagua,61,0
Diego_Paula_Hernandez_Lopez,Talca,30,7
Juan_Javier_Perez_Gonzalez,Talca,51,4
Camila_Maria_Perez_Hernandez,Curico,37,1
Carlos_Luis_Ruiz_Martinez,Iquique,53,1
Valentina_Javier_Sanz_Ruiz,Santiago,29,1
Eduardo_Lorena_Lopez_Zapata,Santiago,17,2
Lorena_Maria_Jimenez_Lopez,Talca,22,0
Carolina_Sofia_Jimenez_Ruiz,Arica,16,1
Sofia_Carlos_Jimenez_Martinez,Santiago,36,0
Julia_Carolina_Hernandez_Gonzalez,Talca,32,-1
Pedro_Javier_Martinez_Lopez,Valparaiso,38,3
Eduardo_Maria_Gonzalez_Jimenez,Talca,13,-2
Pedro_Diego_Lopez_Hernandez,Copiapo,18,-3
Miguel_Carlos_Gomez_Hernandez,Iquique,35,0
Alejandro_Carolina_Jimenez_Zapata,Santiago,39,1
Alejandro_Valentina_Perez_Gonzalez,Santiago,13,0
Juan_Lorena_Hernandez_Jimenez,Curico,47,-1
Marta_Camila_Perez_Garcia,Santiago,56,0
Carolina_Carolina_Jimenez_Sanz,Santiago,17,0
Ana_Juan_Gonzalez_Sanz,Santiago,33,5
Pedro_Roberto_Perez_Perez,Arica,24,2
Maria_Lucia_Gonzalez_Gomez,Valparaiso,36,-2
Carolina_Eduardo_Gomez_Garcia,Talca,9,0
Diego_Paula_Jimenez_Zapata,Valparaiso,32,2
Alejandro_Maria_Jimenez_Gomez,Santiago,43,0
Valentina_Diego_Garcia_Gonzalez,Linares,47,0
Paula_Eduardo_Lopez_Zapata,Santiago,22,-1
Ana_Camila_Jimenez_Zapata,Linares,53,0
Valentina_Carlos_Martinez_Jimenez,Santiago,23,0
Ana_Lucia_Garcia_Lopez,Curico,21,-2
Julia_Maria_Jimenez_Martinez,Rancagua,14,0
Maria_Lucia_Jimenez_Lopez,Talca,26,3
Alejandro_Luis_Lopez_Gomez,Curico,48,-1
Sofia_Sofia_Garcia_Martinez,Santiago,42,0
Sofia_Lucia_Perez_Zapata,Iquique,31,2
Marta_Luis_Gonzalez_Gonzalez,Santiago,37,0
Javier_Eduardo_Hernandez_Martinez,Curico,66,1
Ana_Sofia_Zapata_Sanz,Arica,29,-2
Pedro_Pedro_Martinez_Gonzalez,Curico,24,-1
Miguel_Carlos_Zapata_Garcia,Santiago,43,0
Diego_Diego_Zapata_Sanz,Valparaiso,43,1
Julia_Sofia_Gonzalez_Sanz,Curico,42,1
Eduardo_Julia_Jimenez_Gonzalez,Santiago,46,0
